1 Month,3 Month,6 Month,1 Year,2 Year,3 Year,5 Year,7 Year,10 Year,20 Year,30 Year
,,,,,,,,,,
1.53,1.54,1.57,1.56,1.58,1.59,1.67,1.79,1.88,2.19,2.33
1.52,1.52,1.55,1.55,1.53,1.54,1.59,1.71,1.8,2.11,2.26
1.54,1.56,1.56,1.54,1.54,1.56,1.61,1.72,1.81,2.13,2.28
1.52,1.54,1.56,1.53,1.54,1.55,1.62,1.74,1.83,2.16,2.31
1.5,1.54,1.56,1.55,1.58,1.61,1.67,1.78,1.87,2.21,2.35
1.53,1.54,1.56,1.54,1.58,1.59,1.65,1.77,1.85,2.17,2.38
1.52,1.54,1.55,1.53,1.56,1.59,1.63,1.74,1.83,2.14,2.28
1.54,1.57,1.57,1.53,1.58,1.6,1.65,1.76,1.85,2.16,2.3
1.53,1.57,1.57,1.53,1.58,1.59,1.63,1.74,1.82,2.12,2.27
1.53,1.57,1.58,1.54,1.56,1.56,1.6,1.71,1.79,2.09,2.23
1.54,1.55,1.56,1.54,1.58,1.58,1.63,1.73,1.81,2.11,2.26
1.54,1.56,1.57,1.56,1.58,1.56,1.63,1.74,1.84,2.16,2.29
,,,,,,,,,,
1.52,1.56,1.57,1.54,1.53,1.53,1.57,1.69,1.78,2.1,2.23
1.52,1.55,1.56,1.55,1.53,1.52,1.57,1.68,1.77,2.07,2.22
1.55,1.55,1.56,1.55,1.51,1.51,1.55,1.65,1.74,2.03,2.18
1.54,1.54,1.55,1.55,1.49,1.48,1.51,1.61,1.7,2.0,2.14
1.53,1.55,1.57,1.53,1.44,1.41,1.44,1.52,1.61,1.91,2.05
1.53,1.57,1.58,1.53,1.45,1.45,1.47,1.56,1.65,1.95,2.1
1.52,1.56,1.57,1.51,1.42,1.39,1.41,1.51,1.6,1.89,2.05
1.59,1.57,1.57,1.48,1.41,1.37,1.39,1.49,1.57,1.88,2.04
1.56,1.55,1.54,1.45,1.33,1.3,1.32,1.42,1.51,1.83,1.99
1.56,1.57,1.56,1.46,1.36,1.34,1.35,1.45,1.54,1.84,2.01
1.55,1.57,1.57,1.48,1.41,1.4,1.42,1.52,1.61,1.91,2.08
1.55,1.57,1.57,1.49,1.44,1.43,1.46,1.57,1.66,1.97,2.14
1.59,1.57,1.58,1.51,1.44,1.43,1.45,1.56,1.65,1.94,2.11
1.57,1.56,1.57,1.49,1.41,1.39,1.41,1.51,1.59,1.89,2.05
1.58,1.58,1.58,1.45,1.37,1.36,1.38,1.47,1.56,1.87,2.03
1.57,1.57,1.55,1.48,1.41,1.39,1.4,1.5,1.59,1.89,2.05
1.57,1.58,1.56,1.49,1.44,1.42,1.45,1.55,1.62,1.93,2.09
1.59,1.59,1.56,1.48,1.44,1.42,1.43,1.53,1.61,1.91,2.07
1.6,1.58,1.56,1.49,1.42,1.4,1.42,1.51,1.59,1.89,2.04
,,,,,,,,,,
1.61,1.58,1.56,1.47,1.41,1.37,1.39,1.48,1.55,1.85,2.0
1.61,1.58,1.56,1.47,1.42,1.39,1.41,1.5,1.56,1.86,2.01
1.61,1.58,1.55,1.46,1.39,1.35,1.37,1.45,1.52,1.81,1.97
1.6,1.56,1.53,1.43,1.34,1.3,1.3,1.39,1.46,1.75,1.9
1.6,1.53,1.49,1.35,1.26,1.21,1.21,1.3,1.38,1.68,1.84
1.59,1.53,1.47,1.3,1.2,1.16,1.16,1.25,1.33,1.63,1.8
1.59,1.53,1.42,1.26,1.16,1.14,1.14,1.25,1.33,1.64,1.81
1.56,1.45,1.33,1.18,1.11,1.08,1.11,1.22,1.3,1.61,1.79
1.45,1.27,1.11,0.97,0.86,0.85,0.89,1.03,1.13,1.46,1.65
1.41,1.13,0.95,0.89,0.84,0.85,0.88,1.01,1.1,1.46,1.66
1.11,0.95,0.83,0.73,0.71,0.72,0.77,0.91,1.02,1.44,1.64
1.0,0.72,0.68,0.59,0.67,0.68,0.75,0.9,1.02,1.45,1.67
0.92,0.62,0.53,0.48,0.59,0.61,0.67,0.81,0.92,1.34,1.56
0.79,0.45,0.41,0.39,0.49,0.53,0.58,0.69,0.74,1.09,1.25
0.57,0.33,0.27,0.31,0.38,0.4,0.46,0.56,0.54,0.87,0.99
0.57,0.44,0.43,0.43,0.5,0.58,0.63,0.73,0.76,1.16,1.28
0.42,0.42,0.4,0.4,0.5,0.58,0.66,0.78,0.82,1.13,1.3
0.41,0.33,0.37,0.39,0.5,0.58,0.66,0.82,0.88,1.27,1.49
0.33,0.28,0.38,0.38,0.49,0.58,0.7,0.89,0.94,1.31,1.56
0.25,0.24,0.29,0.29,0.36,0.43,0.49,0.67,0.73,1.1,1.34
0.12,0.19,0.24,0.3,0.47,0.54,0.66,0.91,1.02,1.45,1.63
0.04,0.02,0.08,0.21,0.54,0.66,0.79,1.08,1.18,1.6,1.77
0.04,0.04,0.06,0.2,0.44,0.53,0.66,1.0,1.12,1.56,1.78
0.04,0.05,0.05,0.15,0.37,0.41,0.52,0.82,0.92,1.35,1.55
0.01,0.02,0.08,0.17,0.28,0.31,0.38,0.63,0.76,1.12,1.33
0.01,0.01,0.09,0.25,0.38,0.44,0.52,0.75,0.84,1.19,1.39
0.0,0.0,0.07,0.19,0.34,0.41,0.56,0.77,0.88,1.23,1.45
0.01,0.0,0.04,0.13,0.3,0.36,0.51,0.72,0.83,1.2,1.42
0.01,0.03,0.02,0.11,0.25,0.3,0.41,0.6,0.72,1.09,1.29
0.04,0.12,0.12,0.14,0.23,0.29,0.39,0.57,0.7,1.1,1.31
0.05,0.11,0.15,0.17,0.23,0.29,0.37,0.55,0.7,1.15,1.35
0.03,0.09,0.14,0.16,0.23,0.28,0.37,0.51,0.62,1.04,1.27
0.09,0.09,0.15,0.14,0.23,0.29,0.39,0.53,0.63,1.04,1.26
0.09,0.1,0.15,0.15,0.23,0.3,0.39,0.52,0.62,1.05,1.24
0.09,0.15,0.17,0.2,0.27,0.35,0.44,0.58,0.67,1.08,1.27
0.1,0.14,0.2,0.2,0.28,0.36,0.48,0.64,0.75,1.13,1.32
0.14,0.22,0.24,0.23,0.27,0.34,0.47,0.65,0.77,1.18,1.37
0.2,0.25,0.24,0.25,0.23,0.29,0.41,0.6,0.73,1.15,1.35
,,,,,,,,,,
0.17,0.26,0.27,0.27,0.25,0.31,0.44,0.63,0.76,1.19,1.39
0.17,0.2,0.24,0.25,0.23,0.29,0.42,0.61,0.76,1.19,1.41
0.14,0.14,0.19,0.19,0.2,0.24,0.34,0.49,0.63,1.06,1.27
0.14,0.14,0.18,0.17,0.2,0.25,0.35,0.5,0.61,1.01,1.21
0.12,0.12,0.16,0.16,0.2,0.26,0.36,0.53,0.65,1.08,1.27
0.1,0.12,0.15,0.15,0.2,0.26,0.35,0.51,0.63,1.04,1.23
0.08,0.11,0.14,0.17,0.2,0.24,0.34,0.48,0.58,0.98,1.17
0.09,0.12,0.14,0.16,0.22,0.26,0.37,0.52,0.63,1.03,1.22
0.09,0.11,0.14,0.17,0.22,0.26,0.37,0.51,0.61,0.99,1.18
0.1,0.12,0.14,0.18,0.22,0.26,0.36,0.51,0.6,0.98,1.17
0.09,0.12,0.15,0.17,0.24,0.29,0.41,0.56,0.67,1.06,1.25
0.08,0.11,0.13,0.16,0.2,0.26,0.37,0.52,0.62,1.0,1.2
0.1,0.1,0.12,0.18,0.2,0.24,0.36,0.52,0.63,1.02,1.24
0.1,0.09,0.11,0.16,0.2,0.24,0.36,0.53,0.64,1.05,1.28
0.1,0.12,0.12,0.17,0.2,0.25,0.36,0.53,0.64,1.04,1.27
0.1,0.13,0.14,0.16,0.19,0.24,0.36,0.52,0.64,1.05,1.29
0.09,0.13,0.15,0.16,0.19,0.24,0.36,0.53,0.66,1.07,1.32
0.08,0.12,0.16,0.16,0.17,0.24,0.37,0.57,0.72,1.16,1.41
0.1,0.11,0.14,0.15,0.13,0.19,0.29,0.49,0.63,1.05,1.31
0.1,0.12,0.15,0.15,0.16,0.21,0.33,0.53,0.69,1.12,1.39
0.09,0.12,0.16,0.16,0.17,0.24,0.36,0.56,0.73,1.16,1.43
0.1,0.13,0.16,0.16,0.17,0.22,0.34,0.53,0.69,1.11,1.38
0.1,0.13,0.15,0.15,0.16,0.2,0.31,0.5,0.64,1.07,1.35
0.09,0.12,0.15,0.15,0.16,0.2,0.31,0.48,0.63,1.03,1.3
0.09,0.12,0.15,0.15,0.16,0.19,0.31,0.49,0.64,1.05,1.32
0.1,0.13,0.15,0.17,0.18,0.24,0.38,0.57,0.73,1.17,1.44
0.09,0.13,0.15,0.16,0.17,0.22,0.35,0.54,0.7,1.15,1.43
0.08,0.12,0.14,0.16,0.16,0.21,0.34,0.53,0.68,1.19,1.4
0.09,0.12,0.14,0.16,0.17,0.21,0.35,0.53,0.68,1.16,1.4
0.09,0.12,0.16,0.17,0.17,0.21,0.34,0.51,0.66,1.12,1.37
,,,,,,,,,,
0.1,0.14,0.17,0.17,0.18,0.22,0.35,0.53,0.69,1.19,1.43
0.11,0.15,0.17,0.18,0.19,0.22,0.34,0.52,0.68,1.19,1.44
0.14,0.15,0.18,0.17,0.17,0.22,0.34,0.54,0.7,1.23,1.47
0.13,0.14,0.18,0.17,0.16,0.19,0.3,0.5,0.65,1.18,1.41
0.12,0.14,0.18,0.17,0.14,0.2,0.31,0.5,0.66,1.22,1.46
0.12,0.15,0.18,0.17,0.17,0.2,0.32,0.52,0.68,1.24,1.48
0.12,0.16,0.19,0.17,0.19,0.26,0.38,0.59,0.77,1.32,1.56
0.13,0.15,0.18,0.17,0.19,0.26,0.4,0.63,0.82,1.38,1.61
0.13,0.15,0.18,0.18,0.22,0.29,0.47,0.71,0.91,1.46,1.68
0.15,0.17,0.19,0.19,0.22,0.29,0.45,0.69,0.88,1.43,1.65
0.14,0.19,0.19,0.19,0.2,0.25,0.4,0.65,0.84,1.37,1.59
0.13,0.17,0.19,0.18,0.17,0.22,0.33,0.56,0.75,1.31,1.53
0.14,0.17,0.18,0.19,0.19,0.22,0.32,0.51,0.66,1.19,1.41
0.14,0.16,0.18,0.18,0.19,0.22,0.33,0.54,0.71,1.24,1.45
0.15,0.18,0.19,0.17,0.19,0.22,0.33,0.54,0.71,1.24,1.45
0.14,0.17,0.19,0.18,0.21,0.23,0.34,0.56,0.75,1.31,1.54
0.13,0.17,0.18,0.19,0.19,0.23,0.34,0.55,0.74,1.3,1.52
0.13,0.16,0.17,0.19,0.19,0.22,0.34,0.54,0.71,1.24,1.47
0.13,0.15,0.17,0.18,0.19,0.22,0.33,0.53,0.7,1.23,1.47
0.14,0.16,0.18,0.17,0.19,0.22,0.34,0.54,0.71,1.23,1.46
0.12,0.16,0.17,0.18,0.18,0.22,0.33,0.54,0.72,1.25,1.49
0.11,0.15,0.17,0.17,0.19,0.21,0.33,0.52,0.69,1.21,1.44
0.13,0.16,0.17,0.17,0.17,0.21,0.32,0.53,0.68,1.2,1.43
0.12,0.14,0.17,0.17,0.17,0.19,0.3,0.49,0.64,1.15,1.37
0.11,0.14,0.18,0.16,0.16,0.18,0.28,0.47,0.64,1.16,1.39
0.13,0.16,0.18,0.16,0.16,0.18,0.29,0.49,0.66,1.18,1.41
0.12,0.14,0.17,0.16,0.17,0.19,0.31,0.52,0.69,1.2,1.43
0.13,0.14,0.16,0.16,0.16,0.19,0.29,0.5,0.68,1.2,1.43
,,,,,,,,,,
0.12,0.15,0.16,0.16,0.16,0.19,0.31,0.51,0.69,1.21,1.45
0.12,0.15,0.17,0.15,0.16,0.19,0.29,0.48,0.65,1.15,1.38
0.11,0.15,0.17,0.15,0.16,0.19,0.3,0.49,0.67,1.16,1.39
0.11,0.13,0.16,0.15,0.16,0.18,0.28,0.46,0.62,1.09,1.32
0.1,0.13,0.15,0.15,0.16,0.19,0.3,0.49,0.65,1.12,1.33
0.11,0.14,0.15,0.16,0.16,0.19,0.3,0.48,0.64,1.11,1.33
0.11,0.15,0.14,0.17,0.14,0.19,0.28,0.47,0.63,1.09,1.3
0.12,0.16,0.15,0.15,0.16,0.18,0.28,0.47,0.64,1.11,1.33
0.12,0.11,0.13,0.14,0.16,0.17,0.28,0.46,0.62,1.09,1.31
0.11,0.11,0.13,0.14,0.14,0.18,0.29,0.47,0.64,1.11,1.33
0.11,0.13,0.14,0.14,0.16,0.18,0.29,0.47,0.62,1.1,1.32
0.09,0.13,0.13,0.15,0.14,0.17,0.27,0.45,0.61,1.09,1.31
0.09,0.13,0.14,0.14,0.14,0.17,0.27,0.45,0.6,1.08,1.29
0.09,0.12,0.13,0.14,0.16,0.16,0.27,0.44,0.59,1.03,1.24
0.1,0.11,0.14,0.16,0.14,0.17,0.27,0.44,0.59,1.03,1.23
0.1,0.11,0.14,0.14,0.15,0.18,0.3,0.46,0.62,1.05,1.25
0.09,0.11,0.12,0.14,0.14,0.16,0.26,0.44,0.59,1.01,1.22
0.09,0.11,0.12,0.13,0.12,0.15,0.25,0.43,0.58,1.03,1.24
0.1,0.09,0.11,0.11,0.11,0.14,0.23,0.4,0.55,0.98,1.2
0.09,0.09,0.1,0.11,0.11,0.11,0.21,0.39,0.55,0.98,1.2
0.09,0.1,0.11,0.12,0.11,0.13,0.22,0.4,0.56,1.01,1.23
0.09,0.09,0.11,0.14,0.11,0.1,0.19,0.36,0.52,0.96,1.19
0.08,0.1,0.12,0.12,0.11,0.13,0.22,0.39,0.55,1.0,1.22
0.07,0.1,0.11,0.14,0.11,0.13,0.21,0.39,0.55,0.98,1.2
0.08,0.1,0.12,0.14,0.13,0.14,0.23,0.41,0.57,1.01,1.23
0.09,0.11,0.13,0.13,0.14,0.15,0.24,0.42,0.59,1.04,1.25
0.08,0.11,0.12,0.15,0.16,0.18,0.27,0.46,0.64,1.1,1.32
0.08,0.11,0.12,0.13,0.16,0.19,0.3,0.5,0.69,1.15,1.37
0.08,0.1,0.12,0.14,0.16,0.19,0.32,0.52,0.71,1.2,1.42
0.09,0.1,0.12,0.13,0.14,0.18,0.29,0.51,0.71,1.21,1.45
0.09,0.1,0.12,0.13,0.14,0.18,0.29,0.49,0.69,1.19,1.43
0.08,0.09,0.13,0.13,0.14,0.17,0.27,0.47,0.67,1.16,1.4
0.07,0.11,0.12,0.13,0.14,0.17,0.29,0.48,0.68,1.2,1.42
0.08,0.11,0.13,0.12,0.13,0.15,0.26,0.46,0.65,1.15,1.38
0.07,0.1,0.12,0.13,0.16,0.16,0.27,0.46,0.64,1.13,1.35
0.09,0.12,0.12,0.14,0.14,0.18,0.28,0.47,0.65,1.14,1.35
0.08,0.11,0.12,0.13,0.15,0.18,0.3,0.49,0.69,1.18,1.39
0.08,0.11,0.12,0.12,0.16,0.18,0.28,0.5,0.69,1.2,1.41
0.09,0.11,0.11,0.13,0.16,0.19,0.31,0.53,0.74,1.28,1.5
0.09,0.1,0.11,0.12,0.14,0.16,0.28,0.51,0.74,1.29,1.52
0.08,0.11,0.13,0.12,0.14,0.15,0.28,0.5,0.72,1.26,1.49
0.09,0.12,0.13,0.12,0.13,0.14,0.26,0.46,0.68,1.2,1.43
0.1,0.12,0.12,0.13,0.14,0.16,0.26,0.45,0.66,1.16,1.38
0.1,0.11,0.12,0.12,0.13,0.15,0.24,0.43,0.63,1.13,1.34
0.09,0.11,0.12,0.13,0.14,0.18,0.3,0.5,0.72,1.25,1.46
,,,,,,,,,,
0.1,0.13,0.14,0.15,0.14,0.17,0.28,0.47,0.69,1.22,1.43
0.1,0.12,0.14,0.14,0.14,0.17,0.28,0.48,0.71,1.25,1.45
0.1,0.12,0.12,0.15,0.14,0.17,0.26,0.46,0.68,1.22,1.43
0.1,0.11,0.12,0.13,0.13,0.16,0.26,0.45,0.67,1.21,1.42
0.1,0.11,0.13,0.14,0.14,0.16,0.27,0.46,0.68,1.21,1.42
0.09,0.11,0.12,0.13,0.14,0.16,0.27,0.46,0.68,1.21,1.43
0.08,0.12,0.12,0.12,0.14,0.16,0.28,0.47,0.69,1.23,1.45
0.09,0.09,0.11,0.12,0.13,0.16,0.28,0.47,0.69,1.22,1.43
0.09,0.1,0.12,0.13,0.14,0.16,0.29,0.48,0.7,1.24,1.45
0.09,0.1,0.11,0.12,0.14,0.16,0.27,0.46,0.68,1.22,1.43
0.08,0.1,0.11,0.12,0.13,0.15,0.27,0.46,0.68,1.21,1.42
0.08,0.11,0.11,0.13,0.14,0.15,0.28,0.46,0.68,1.21,1.42
0.08,0.1,0.11,0.12,0.14,0.16,0.27,0.46,0.67,1.19,1.4
0.08,0.1,0.11,0.12,0.12,0.15,0.26,0.45,0.66,1.19,1.4
0.09,0.11,0.11,0.12,0.14,0.16,0.26,0.46,0.67,1.2,1.42
0.07,0.09,0.11,0.12,0.11,0.13,0.24,0.44,0.66,1.19,1.41
0.08,0.1,0.11,0.12,0.13,0.16,0.28,0.47,0.69,1.23,1.46
0.09,0.09,0.1,0.12,0.14,0.16,0.27,0.46,0.68,1.23,1.45
0.1,0.09,0.11,0.12,0.13,0.16,0.28,0.48,0.7,1.25,1.48
0.09,0.1,0.11,0.12,0.14,0.19,0.33,0.55,0.78,1.34,1.57
0.08,0.1,0.11,0.14,0.14,0.17,0.32,0.53,0.76,1.33,1.56
0.08,0.1,0.12,0.13,0.16,0.21,0.35,0.56,0.81,1.37,1.6
0.09,0.09,0.12,0.13,0.13,0.18,0.33,0.54,0.78,1.34,1.57
0.1,0.1,0.12,0.15,0.16,0.2,0.34,0.55,0.79,1.34,1.58
,,,,,,,,,,
0.09,0.11,0.12,0.13,0.16,0.18,0.31,0.52,0.74,1.29,1.52
0.1,0.12,0.12,0.13,0.14,0.18,0.3,0.51,0.73,1.28,1.5
0.1,0.11,0.12,0.12,0.14,0.18,0.32,0.52,0.74,1.29,1.52
0.09,0.11,0.12,0.12,0.14,0.18,0.32,0.53,0.76,1.3,1.52
0.09,0.11,0.11,0.13,0.16,0.19,0.34,0.54,0.78,1.32,1.55
0.08,0.1,0.12,0.13,0.14,0.19,0.34,0.57,0.81,1.37,1.6
0.08,0.1,0.12,0.13,0.14,0.2,0.36,0.58,0.83,1.4,1.62
0.09,0.09,0.11,0.13,0.16,0.21,0.38,0.62,0.87,1.43,1.67
0.08,0.1,0.11,0.12,0.18,0.21,0.37,0.61,0.85,1.41,1.64
0.08,0.11,0.12,0.12,0.16,0.18,0.35,0.58,0.81,1.37,1.59
0.08,0.1,0.11,0.12,0.16,0.19,0.34,0.56,0.79,1.34,1.57
0.07,0.1,0.11,0.12,0.16,0.19,0.34,0.56,0.79,1.34,1.56
0.08,0.09,0.1,0.12,0.16,0.2,0.38,0.61,0.85,1.39,1.62
0.08,0.09,0.11,0.13,0.14,0.19,0.38,0.64,0.88,1.43,1.65
0.09,0.09,0.11,0.13,0.16,0.2,0.38,0.63,0.87,1.41,1.63
0.09,0.1,0.12,0.14,0.17,0.21,0.39,0.65,0.9,1.44,1.66
0.08,0.1,0.1,0.12,0.14,0.18,0.33,0.55,0.78,1.33,1.55
0.09,0.1,0.1,0.12,0.14,0.18,0.33,0.56,0.79,1.32,1.54
0.1,0.1,0.11,0.12,0.16,0.21,0.36,0.59,0.83,1.37,1.6
0.1,0.11,0.11,0.12,0.17,0.25,0.44,0.7,0.96,1.51,1.73
0.09,0.1,0.11,0.12,0.19,0.26,0.46,0.72,0.98,1.53,1.75
,,,,,,,,,,
0.1,0.1,0.1,0.13,0.17,0.23,0.4,0.64,0.88,1.42,1.64
0.1,0.09,0.1,0.12,0.17,0.23,0.41,0.65,0.89,1.43,1.65
0.09,0.09,0.12,0.12,0.19,0.24,0.41,0.66,0.91,1.44,1.66
0.08,0.09,0.1,0.12,0.18,0.22,0.39,0.63,0.87,1.4,1.62
0.07,0.09,0.1,0.11,0.16,0.22,0.4,0.64,0.88,1.42,1.62
0.08,0.07,0.1,0.11,0.18,0.22,0.39,0.63,0.86,1.38,1.58
0.09,0.07,0.1,0.11,0.16,0.21,0.38,0.62,0.83,1.33,1.53
0.08,0.08,0.08,0.1,0.16,0.22,0.39,0.64,0.86,1.36,1.56
0.08,0.09,0.1,0.11,0.16,0.22,0.39,0.65,0.88,1.4,1.6
0.07,0.09,0.09,0.11,0.17,0.21,0.39,0.65,0.88,1.41,1.62
,,,,,,,,,,
0.09,0.09,0.1,0.11,0.16,0.2,0.37,0.61,0.84,1.36,1.57
0.08,0.08,0.09,0.11,0.16,0.19,0.36,0.62,0.84,1.37,1.58
0.07,0.09,0.1,0.12,0.17,0.22,0.42,0.68,0.92,1.46,1.66
0.07,0.09,0.1,0.11,0.16,0.22,0.42,0.69,0.95,1.5,1.7
0.08,0.08,0.09,0.1,0.16,0.21,0.4,0.67,0.92,1.46,1.67
0.07,0.09,0.1,0.11,0.16,0.21,0.42,0.7,0.97,1.53,1.73
0.09,0.08,0.1,0.1,0.14,0.2,0.4,0.67,0.94,1.49,1.69
0.08,0.09,0.09,0.1,0.14,0.2,0.39,0.65,0.92,1.46,1.67
0.07,0.08,0.09,0.1,0.16,0.21,0.41,0.68,0.95,1.48,1.69
0.07,0.08,0.09,0.1,0.14,0.2,0.39,0.65,0.92,1.44,1.65
0.08,0.08,0.08,0.1,0.11,0.18,0.37,0.63,0.9,1.42,1.63
0.07,0.09,0.08,0.1,0.13,0.17,0.37,0.63,0.9,1.43,1.63
0.07,0.08,0.08,0.09,0.11,0.18,0.37,0.64,0.92,1.45,1.65
0.08,0.09,0.09,0.09,0.13,0.18,0.37,0.64,0.92,1.46,1.66
0.08,0.08,0.09,0.09,0.13,0.19,0.38,0.66,0.94,1.47,1.68
0.08,0.08,0.09,0.09,0.13,0.19,0.39,0.67,0.95,1.49,1.7
0.08,0.09,0.09,0.09,0.13,0.18,0.39,0.66,0.95,1.48,1.68
0.07,0.09,0.09,0.09,0.13,0.17,0.37,0.64,0.93,1.45,1.65
0.07,0.09,0.09,0.09,0.13,0.18,0.38,0.67,0.96,1.49,1.7
0.09,0.09,0.09,0.1,0.13,0.17,0.37,0.66,0.94,1.46,1.66
,,,,,,,,,,
0.09,0.11,0.11,0.11,0.13,0.17,0.38,0.65,0.94,1.46,1.67
0.08,0.1,0.12,0.11,0.12,0.17,0.37,0.66,0.94,1.47,1.67
0.06,0.08,0.09,0.12,0.12,0.17,0.37,0.66,0.93,1.46,1.66
0.08,0.09,0.09,0.1,0.13,0.17,0.36,0.65,0.93,1.45,1.65
,,,,,,,,,,
0.09,0.09,0.09,0.1,0.11,0.16,0.36,0.64,0.93,1.46,1.66
0.08,0.09,0.09,0.1,0.13,0.17,0.38,0.66,0.96,1.49,1.7
0.09,0.09,0.09,0.11,0.14,0.2,0.43,0.74,1.04,1.6,1.81
0.09,0.09,0.09,0.11,0.14,0.22,0.46,0.78,1.08,1.64,1.85
0.08,0.08,0.09,0.1,0.14,0.24,0.49,0.81,1.13,1.67,1.87
0.09,0.08,0.1,0.1,0.14,0.22,0.5,0.84,1.15,1.68,1.88
0.09,0.09,0.09,0.11,0.14,0.23,0.5,0.83,1.15,1.68,1.88
0.09,0.09,0.1,0.12,0.14,0.22,0.48,0.8,1.1,1.63,1.82
0.09,0.09,0.09,0.1,0.16,0.23,0.49,0.82,1.15,1.69,1.88
0.08,0.09,0.1,0.1,0.13,0.2,0.46,0.78,1.11,1.66,1.85
,,,,,,,,,,
0.07,0.09,0.11,0.1,0.14,0.21,0.45,0.78,1.1,1.65,1.84
0.08,0.08,0.1,0.1,0.13,0.19,0.45,0.78,1.1,1.65,1.84
0.07,0.09,0.09,0.1,0.13,0.19,0.45,0.79,1.12,1.68,1.87
0.07,0.08,0.1,0.1,0.13,0.19,0.44,0.77,1.1,1.66,1.85
0.07,0.09,0.09,0.1,0.13,0.17,0.42,0.73,1.05,1.61,1.8
0.05,0.07,0.09,0.09,0.11,0.18,0.42,0.74,1.05,1.61,1.8
0.05,0.08,0.09,0.09,0.12,0.18,0.41,0.72,1.04,1.6,1.79
0.05,0.07,0.08,0.08,0.12,0.18,0.42,0.75,1.07,1.63,1.81
0.07,0.06,0.07,0.1,0.11,0.19,0.45,0.79,1.11,1.68,1.87
0.06,0.07,0.08,0.08,0.11,0.17,0.42,0.76,1.09,1.66,1.84
0.04,0.07,0.08,0.08,0.11,0.18,0.45,0.79,1.12,1.69,1.87
0.03,0.04,0.06,0.08,0.11,0.19,0.46,0.81,1.15,1.73,1.92
0.03,0.04,0.06,0.07,0.11,0.18,0.46,0.81,1.15,1.75,1.93
0.02,0.03,0.05,0.06,0.09,0.19,0.47,0.83,1.19,1.79,1.97
0.04,0.05,0.05,0.07,0.11,0.2,0.48,0.83,1.19,1.78,1.96
0.04,0.04,0.06,0.07,0.11,0.19,0.48,0.83,1.18,1.78,1.95
0.05,0.05,0.06,0.07,0.11,0.19,0.46,0.8,1.15,1.75,1.92
0.05,0.05,0.06,0.07,0.11,0.19,0.46,0.81,1.16,1.77,1.94
0.03,0.04,0.05,0.06,0.11,0.2,0.5,0.85,1.2,1.83,2.01
,,,,,,,,,,
0.03,0.04,0.06,0.08,0.13,0.23,0.57,0.94,1.3,1.92,2.08
0.03,0.04,0.06,0.07,0.11,0.21,0.57,0.94,1.29,1.92,2.06
0.03,0.03,0.04,0.06,0.11,0.21,0.56,0.94,1.29,1.91,2.08
0.03,0.04,0.06,0.07,0.11,0.22,0.59,0.98,1.34,1.98,2.14
0.03,0.03,0.04,0.06,0.11,0.22,0.61,1.0,1.37,2.02,2.19
0.03,0.04,0.05,0.08,0.11,0.22,0.59,1.0,1.37,2.03,2.21
0.03,0.03,0.05,0.08,0.12,0.24,0.62,1.02,1.38,2.07,2.24
0.04,0.04,0.06,0.09,0.17,0.34,0.81,1.23,1.54,2.25,2.33
0.04,0.04,0.05,0.08,0.14,0.3,0.75,1.15,1.44,2.08,2.17
0.03,0.05,0.07,0.08,0.13,0.27,0.71,1.12,1.45,2.11,2.23
0.04,0.04,0.06,0.08,0.13,0.26,0.67,1.08,1.42,2.09,2.21
0.04,0.05,0.07,0.08,0.14,0.29,0.73,1.14,1.47,2.12,2.25
0.03,0.04,0.07,0.08,0.14,0.32,0.77,1.21,1.54,2.18,2.3
0.04,0.04,0.07,0.08,0.14,0.32,0.79,1.23,1.56,2.18,2.28
0.04,0.05,0.06,0.09,0.17,0.34,0.86,1.28,1.59,2.2,2.31
0.04,0.05,0.07,0.1,0.17,0.35,0.83,1.23,1.55,2.16,2.26
0.03,0.04,0.06,0.08,0.16,0.32,0.8,1.2,1.53,2.15,2.24
0.04,0.04,0.05,0.08,0.14,0.31,0.78,1.2,1.54,2.18,2.29
0.03,0.04,0.06,0.09,0.14,0.34,0.85,1.3,1.64,2.31,2.4
0.02,0.04,0.06,0.08,0.14,0.33,0.84,1.28,1.62,2.27,2.37
0.01,0.02,0.06,0.07,0.15,0.33,0.83,1.28,1.62,2.3,2.38
0.01,0.02,0.05,0.07,0.13,0.29,0.8,1.27,1.63,2.32,2.42
0.01,0.01,0.03,0.08,0.16,0.33,0.86,1.35,1.71,2.36,2.45
0.01,0.01,0.03,0.07,0.16,0.33,0.9,1.38,1.74,2.36,2.45
0.02,0.03,0.05,0.06,0.15,0.32,0.87,1.34,1.69,2.29,2.38
0.02,0.01,0.04,0.08,0.15,0.31,0.83,1.29,1.63,2.24,2.34
0.02,0.02,0.04,0.07,0.14,0.31,0.83,1.27,1.62,2.21,2.31
0.02,0.02,0.04,0.07,0.14,0.3,0.82,1.29,1.63,2.24,2.34
0.02,0.02,0.04,0.06,0.14,0.31,0.85,1.32,1.67,2.27,2.37
0.02,0.03,0.04,0.06,0.14,0.32,0.89,1.37,1.73,2.32,2.43
0.01,0.02,0.04,0.06,0.16,0.33,0.9,1.39,1.73,2.29,2.38
0.01,0.03,0.05,0.07,0.16,0.35,0.92,1.4,1.74,2.31,2.41
0.02,0.02,0.04,0.06,0.17,0.35,0.9,1.37,1.69,2.24,2.34
0.02,0.02,0.04,0.07,0.19,0.39,0.97,1.42,1.72,2.27,2.35
0.03,0.03,0.04,0.06,0.17,0.37,0.94,1.4,1.73,2.28,2.36
0.02,0.02,0.04,0.06,0.16,0.35,0.88,1.34,1.67,2.24,2.32
0.01,0.02,0.04,0.06,0.16,0.34,0.87,1.34,1.68,2.26,2.35
0.02,0.01,0.04,0.05,0.14,0.33,0.85,1.3,1.64,2.22,2.32
0.02,0.02,0.03,0.06,0.16,0.35,0.87,1.33,1.67,2.23,2.34
0.02,0.02,0.04,0.06,0.18,0.38,0.89,1.35,1.69,2.24,2.34
0.03,0.03,0.05,0.06,0.16,0.35,0.85,1.29,1.64,2.21,2.32
0.02,0.02,0.04,0.06,0.16,0.35,0.87,1.31,1.64,2.22,2.32
0.02,0.02,0.04,0.06,0.16,0.32,0.81,1.24,1.56,2.13,2.23
0.02,0.02,0.04,0.06,0.16,0.34,0.84,1.26,1.59,2.15,2.26
0.01,0.02,0.04,0.08,0.16,0.34,0.85,1.28,1.61,2.18,2.29
0.01,0.03,0.04,0.07,0.15,0.31,0.81,1.25,1.58,2.16,2.27
0.0,0.03,0.04,0.07,0.15,0.32,0.81,1.24,1.57,2.16,2.26
0.02,0.03,0.04,0.06,0.16,0.32,0.81,1.24,1.57,2.13,2.24
0.01,0.03,0.03,0.07,0.16,0.34,0.83,1.26,1.58,2.14,2.25
0.02,0.03,0.04,0.06,0.18,0.35,0.85,1.27,1.58,2.13,2.24
0.01,0.01,0.04,0.06,0.17,0.36,0.88,1.32,1.63,2.18,2.29
0.01,0.01,0.04,0.05,0.17,0.35,0.86,1.31,1.63,2.19,2.29
0.01,0.01,0.04,0.05,0.16,0.35,0.86,1.32,1.65,2.2,2.31
0.01,0.01,0.03,0.05,0.16,0.35,0.86,1.32,1.65,2.19,2.3
0.02,0.04,0.04,0.06,0.16,0.33,0.84,1.29,1.63,2.18,2.3
0.01,0.02,0.04,0.06,0.16,0.33,0.82,1.28,1.61,2.16,2.27
0.01,0.02,0.04,0.06,0.16,0.32,0.8,1.25,1.59,2.14,2.25
0.01,0.02,0.04,0.05,0.16,0.32,0.81,1.25,1.58,2.14,2.24
0.01,0.02,0.04,0.05,0.14,0.29,0.77,1.24,1.6,2.17,2.28
0.02,0.02,0.04,0.05,0.16,0.32,0.8,1.27,1.63,2.2,2.32
0.01,0.01,0.04,0.05,0.16,0.31,0.8,1.28,1.64,2.23,2.35
0.01,0.02,0.04,0.05,0.16,0.35,0.87,1.34,1.69,2.29,2.4
0.0,0.02,0.03,0.05,0.16,0.33,0.84,1.31,1.66,2.28,2.39
0.01,0.01,0.03,0.06,0.16,0.33,0.82,1.29,1.63,2.25,2.35
0.0,0.02,0.04,0.06,0.16,0.34,0.84,1.3,1.64,2.27,2.36
0.0,0.02,0.03,0.06,0.16,0.34,0.83,1.29,1.64,2.27,2.37
0.0,0.01,0.03,0.05,0.16,0.35,0.87,1.34,1.68,2.3,2.38
0.01,0.01,0.03,0.05,0.15,0.34,0.83,1.29,1.63,2.25,2.34
0.0,0.01,0.02,0.04,0.17,0.34,0.84,1.29,1.63,2.24,2.33
0.01,0.02,0.03,0.04,0.15,0.32,0.82,1.28,1.61,2.22,2.31
0.01,0.02,0.04,0.04,0.15,0.3,0.79,1.23,1.56,2.16,2.26
0.0,0.02,0.04,0.04,0.14,0.31,0.8,1.24,1.58,2.17,2.27
0.0,0.02,0.04,0.04,0.14,0.31,0.81,1.28,1.61,2.2,2.29
0.01,0.01,0.03,0.05,0.14,0.3,0.79,1.24,1.58,2.18,2.26
,,,,,,,,,,
0.01,0.02,0.04,0.04,0.16,0.31,0.81,1.28,1.62,2.22,2.3
0.01,0.02,0.04,0.05,0.13,0.3,0.8,1.26,1.59,2.21,2.28
0.0,0.02,0.04,0.04,0.16,0.34,0.84,1.3,1.63,2.22,2.3
0.01,0.02,0.04,0.05,0.14,0.32,0.78,1.23,1.56,2.16,2.24
0.01,0.02,0.04,0.05,0.16,0.33,0.79,1.24,1.57,2.17,2.25
0.01,0.02,0.04,0.05,0.14,0.32,0.77,1.2,1.53,2.13,2.21
0.01,0.03,0.04,0.05,0.16,0.31,0.75,1.17,1.5,2.1,2.17
0.01,0.03,0.04,0.05,0.14,0.3,0.73,1.14,1.45,2.07,2.15
0.01,0.03,0.04,0.05,0.16,0.31,0.76,1.16,1.47,2.08,2.15
0.01,0.03,0.05,0.05,0.16,0.33,0.8,1.2,1.51,2.12,2.19
0.02,0.03,0.05,0.08,0.16,0.34,0.79,1.21,1.51,2.12,2.2
0.04,0.04,0.06,0.08,0.21,0.41,0.89,1.29,1.57,2.13,2.2
0.05,0.04,0.06,0.08,0.23,0.43,0.9,1.27,1.52,2.05,2.11
0.05,0.05,0.06,0.09,0.26,0.47,0.89,1.22,1.45,1.97,2.01
0.04,0.05,0.06,0.09,0.27,0.48,0.9,1.25,1.5,2.05,2.11
0.04,0.04,0.06,0.09,0.25,0.44,0.87,1.23,1.48,2.03,2.1
0.04,0.05,0.05,0.08,0.26,0.47,0.9,1.25,1.5,2.04,2.11
0.05,0.05,0.05,0.08,0.26,0.48,0.9,1.26,1.49,2.03,2.1
0.05,0.06,0.06,0.09,0.28,0.48,0.92,1.29,1.54,2.09,2.16
0.04,0.05,0.06,0.08,0.25,0.47,0.9,1.25,1.49,2.04,2.1
0.04,0.04,0.06,0.08,0.27,0.47,0.89,1.24,1.49,2.03,2.1
0.05,0.05,0.06,0.07,0.25,0.46,0.87,1.21,1.45,2.0,2.06
0.05,0.05,0.05,0.09,0.25,0.47,0.89,1.24,1.48,2.01,2.07
0.05,0.05,0.05,0.08,0.24,0.45,0.86,1.19,1.44,1.98,2.05
,,,,,,,,,,
0.05,0.05,0.06,0.07,0.22,0.42,0.81,1.13,1.37,1.92,2.0
0.05,0.05,0.05,0.08,0.22,0.41,0.79,1.09,1.33,1.87,1.94
0.06,0.06,0.06,0.07,0.19,0.37,0.74,1.06,1.3,1.84,1.91
0.06,0.06,0.05,0.08,0.23,0.41,0.79,1.12,1.37,1.91,1.99
0.05,0.05,0.06,0.08,0.23,0.43,0.81,1.13,1.38,1.93,2.0
0.05,0.05,0.06,0.08,0.26,0.47,0.85,1.16,1.42,1.96,2.04
0.06,0.06,0.05,0.08,0.23,0.44,0.8,1.11,1.37,1.91,1.98
0.05,0.05,0.05,0.07,0.23,0.43,0.78,1.07,1.31,1.85,1.92
0.05,0.05,0.05,0.08,0.25,0.43,0.79,1.08,1.31,1.86,1.93
0.05,0.05,0.06,0.07,0.21,0.38,0.7,0.97,1.19,1.74,1.81
0.05,0.05,0.06,0.08,0.2,0.37,0.69,0.98,1.23,1.79,1.88
0.04,0.05,0.05,0.07,0.22,0.39,0.74,1.05,1.3,1.87,1.94
0.04,0.05,0.05,0.07,0.2,0.37,0.71,1.02,1.27,1.82,1.9
0.05,0.05,0.05,0.07,0.22,0.38,0.72,1.04,1.3,1.85,1.92
0.05,0.05,0.06,0.08,0.22,0.38,0.73,1.04,1.29,1.85,1.93
0.04,0.05,0.05,0.07,0.2,0.37,0.71,1.01,1.25,1.81,1.89
0.04,0.05,0.05,0.07,0.2,0.38,0.72,1.01,1.26,1.83,1.9
0.05,0.06,0.05,0.08,0.2,0.37,0.73,1.04,1.28,1.84,1.91
0.05,0.06,0.05,0.07,0.19,0.35,0.69,1.0,1.24,1.81,1.89
0.05,0.05,0.06,0.07,0.17,0.33,0.66,0.96,1.2,1.77,1.86
0.05,0.05,0.06,0.07,0.17,0.33,0.65,0.95,1.19,1.76,1.85
0.05,0.05,0.05,0.07,0.17,0.34,0.67,0.96,1.19,1.74,1.83
0.05,0.05,0.06,0.08,0.21,0.38,0.72,1.01,1.23,1.77,1.86
0.04,0.06,0.06,0.09,0.21,0.42,0.77,1.07,1.31,1.85,1.94
0.04,0.06,0.06,0.08,0.23,0.43,0.79,1.09,1.33,1.87,1.96
0.05,0.05,0.05,0.08,0.24,0.47,0.82,1.12,1.36,1.9,1.99
0.05,0.05,0.06,0.08,0.23,0.45,0.81,1.11,1.35,1.9,1.99
0.05,0.06,0.06,0.09,0.23,0.46,0.83,1.13,1.36,1.92,2.03
0.04,0.06,0.05,0.08,0.23,0.44,0.79,1.08,1.29,1.85,1.94
0.04,0.06,0.05,0.08,0.21,0.42,0.75,1.04,1.26,1.82,1.92
0.03,0.07,0.06,0.07,0.23,0.43,0.77,1.05,1.26,1.82,1.92
0.03,0.07,0.05,0.07,0.23,0.43,0.79,1.06,1.27,1.84,1.91
0.04,0.06,0.05,0.06,0.22,0.44,0.78,1.04,1.24,1.8,1.88
0.04,0.05,0.05,0.06,0.23,0.44,0.8,1.06,1.26,1.79,1.87
0.04,0.05,0.06,0.07,0.23,0.43,0.78,1.05,1.25,1.79,1.87
0.03,0.05,0.05,0.06,0.24,0.44,0.8,1.08,1.29,1.83,1.91
0.04,0.06,0.06,0.07,0.23,0.47,0.84,1.13,1.35,1.88,1.96
0.04,0.05,0.06,0.07,0.25,0.46,0.84,1.13,1.34,1.87,1.94
0.04,0.05,0.05,0.07,0.22,0.41,0.79,1.09,1.31,1.84,1.91
0.04,0.05,0.05,0.08,0.2,0.4,0.77,1.07,1.29,1.82,1.9
0.03,0.04,0.06,0.07,0.2,0.4,0.77,1.08,1.3,1.85,1.92
0.04,0.05,0.06,0.07,0.2,0.42,0.78,1.08,1.31,1.84,1.92
0.05,0.05,0.06,0.07,0.2,0.42,0.78,1.07,1.29,1.83,1.9
0.04,0.05,0.05,0.08,0.21,0.42,0.78,1.09,1.33,1.87,1.94
,,,,,,,,,,
0.04,0.05,0.06,0.08,0.22,0.45,0.82,1.14,1.38,1.91,1.99
0.05,0.05,0.06,0.08,0.22,0.43,0.81,1.11,1.35,1.88,1.95
0.07,0.04,0.05,0.07,0.23,0.43,0.79,1.08,1.3,1.83,1.9
0.06,0.05,0.06,0.08,0.23,0.45,0.82,1.12,1.35,1.86,1.94
0.06,0.06,0.06,0.07,0.21,0.44,0.81,1.11,1.33,1.83,1.91
0.05,0.04,0.05,0.07,0.21,0.43,0.79,1.07,1.28,1.78,1.85
0.04,0.04,0.05,0.07,0.21,0.43,0.81,1.1,1.31,1.8,1.87
0.06,0.04,0.05,0.07,0.23,0.46,0.84,1.13,1.34,1.83,1.88
0.06,0.04,0.05,0.07,0.23,0.47,0.88,1.17,1.37,1.85,1.91
0.06,0.04,0.05,0.07,0.23,0.45,0.83,1.12,1.31,1.79,1.85
0.05,0.03,0.04,0.07,0.22,0.46,0.84,1.13,1.33,1.81,1.86
0.04,0.03,0.05,0.08,0.25,0.48,0.86,1.13,1.32,1.78,1.84
0.05,0.03,0.04,0.08,0.27,0.53,0.94,1.22,1.41,1.87,1.92
0.06,0.03,0.05,0.08,0.29,0.55,0.97,1.27,1.47,1.94,1.99
0.06,0.04,0.05,0.09,0.31,0.56,0.98,1.3,1.48,1.95,1.99
0.07,0.04,0.06,0.09,0.31,0.55,1.02,1.34,1.54,2.02,2.07
0.05,0.04,0.05,0.09,0.3,0.55,1.01,1.34,1.55,2.04,2.09
0.07,0.04,0.05,0.09,0.28,0.53,0.98,1.32,1.52,2.02,2.08
0.08,0.04,0.05,0.09,0.27,0.49,0.93,1.26,1.48,1.99,2.04
0.09,0.04,0.06,0.09,0.27,0.52,0.95,1.27,1.49,1.99,2.05
0.1,0.04,0.06,0.09,0.28,0.54,0.98,1.32,1.54,2.04,2.1
0.06,0.04,0.06,0.1,0.3,0.55,0.99,1.32,1.53,2.02,2.08
0.03,0.05,0.06,0.1,0.32,0.57,1.02,1.36,1.58,2.08,2.13
0.02,0.05,0.07,0.09,0.32,0.59,1.05,1.39,1.61,2.11,2.16
,,,,,,,,,,
0.03,0.06,0.06,0.1,0.35,0.64,1.08,1.39,1.59,2.05,2.1
0.03,0.05,0.06,0.11,0.37,0.66,1.09,1.38,1.56,2.0,2.05
0.05,0.05,0.06,0.1,0.36,0.62,1.05,1.34,1.52,1.97,2.02
0.04,0.05,0.06,0.12,0.41,0.7,1.13,1.42,1.59,2.02,2.05
0.05,0.06,0.06,0.11,0.44,0.72,1.16,1.43,1.59,1.99,2.01
0.06,0.05,0.06,0.11,0.41,0.71,1.17,1.47,1.65,2.07,2.09
0.06,0.05,0.06,0.1,0.4,0.7,1.16,1.46,1.65,2.09,2.12
0.06,0.06,0.06,0.12,0.45,0.78,1.23,1.52,1.68,2.1,2.13
0.05,0.06,0.07,0.13,0.48,0.79,1.22,1.49,1.66,2.06,2.08
0.07,0.06,0.06,0.14,0.47,0.76,1.19,1.47,1.64,2.07,2.09
0.06,0.06,0.06,0.14,0.47,0.77,1.2,1.46,1.63,2.03,2.05
0.06,0.06,0.07,0.12,0.5,0.77,1.16,1.41,1.54,1.93,1.95
0.06,0.06,0.06,0.15,0.5,0.77,1.18,1.44,1.57,1.98,1.96
0.06,0.05,0.07,0.15,0.48,0.75,1.18,1.44,1.55,1.98,1.93
0.05,0.05,0.06,0.15,0.5,0.79,1.2,1.46,1.58,2.01,1.98
0.05,0.05,0.07,0.15,0.46,0.73,1.15,1.42,1.56,1.97,1.96
0.05,0.05,0.07,0.17,0.47,0.77,1.19,1.46,1.6,2.01,2.0
0.05,0.04,0.07,0.14,0.41,0.69,1.1,1.37,1.53,1.96,1.96
0.05,0.05,0.07,0.14,0.39,0.66,1.04,1.3,1.45,1.88,1.87
0.04,0.06,0.07,0.16,0.45,0.75,1.13,1.38,1.51,1.91,1.89
0.04,0.04,0.06,0.14,0.41,0.71,1.08,1.32,1.46,1.86,1.83
0.06,0.05,0.07,0.17,0.51,0.83,1.23,1.45,1.56,1.96,1.92
,,,,,,,,,,
0.05,0.05,0.07,0.17,0.53,0.85,1.24,1.47,1.58,1.99,1.95
0.06,0.05,0.06,0.18,0.53,0.87,1.26,1.51,1.63,2.05,2.01
0.06,0.05,0.07,0.17,0.54,0.87,1.27,1.52,1.63,2.06,2.02
0.06,0.05,0.06,0.18,0.52,0.85,1.24,1.49,1.6,2.04,2.0
0.12,0.05,0.06,0.18,0.52,0.84,1.22,1.47,1.59,2.01,1.97
0.11,0.05,0.06,0.18,0.52,0.86,1.22,1.45,1.54,1.95,1.91
0.07,0.05,0.07,0.2,0.63,0.95,1.33,1.55,1.63,2.03,1.98
0.06,0.06,0.07,0.21,0.6,0.95,1.33,1.58,1.67,2.08,2.02
0.14,0.06,0.1,0.24,0.64,0.97,1.34,1.58,1.64,2.03,1.96
,,,,,,,,,,
0.11,0.06,0.1,0.2,0.5,0.81,1.16,1.4,1.48,1.89,1.83
0.07,0.06,0.1,0.21,0.51,0.83,1.18,1.42,1.52,1.93,1.87
0.11,0.05,0.1,0.24,0.52,0.81,1.14,1.36,1.43,1.85,1.78
0.09,0.06,0.1,0.25,0.56,0.85,1.15,1.35,1.43,1.84,1.77
0.05,0.05,0.09,0.27,0.63,0.9,1.21,1.38,1.44,1.87,1.76
0.04,0.06,0.09,0.26,0.6,0.86,1.13,1.29,1.35,1.77,1.69
0.05,0.05,0.12,0.28,0.65,0.91,1.21,1.38,1.43,1.84,1.75
0.05,0.06,0.15,0.31,0.7,0.99,1.26,1.43,1.48,1.88,1.8
0.04,0.07,0.13,0.29,0.68,0.99,1.27,1.44,1.52,1.93,1.87
0.03,0.06,0.12,0.28,0.7,0.99,1.26,1.42,1.49,1.91,1.87
0.03,0.06,0.13,0.27,0.67,0.98,1.25,1.42,1.48,1.91,1.88
0.01,0.05,0.11,0.27,0.66,0.95,1.21,1.37,1.42,1.86,1.81
0.02,0.05,0.13,0.26,0.67,0.98,1.23,1.39,1.44,1.87,1.82
0.03,0.05,0.13,0.29,0.69,1.0,1.26,1.42,1.47,1.91,1.86
0.04,0.05,0.13,0.26,0.64,0.92,1.19,1.36,1.44,1.91,1.87
0.03,0.05,0.13,0.27,0.66,0.93,1.18,1.34,1.41,1.87,1.82
0.03,0.07,0.16,0.27,0.65,0.91,1.17,1.34,1.43,1.9,1.85
0.03,0.07,0.16,0.29,0.7,0.96,1.24,1.4,1.48,1.92,1.89
0.03,0.08,0.16,0.28,0.68,0.96,1.23,1.39,1.46,1.89,1.86
0.04,0.07,0.18,0.31,0.71,0.97,1.25,1.42,1.5,1.94,1.91
,,,,,,,,,,
0.04,0.06,0.21,0.33,0.76,0.98,1.26,1.41,1.48,1.92,1.88
0.03,0.06,0.2,0.39,0.74,0.99,1.27,1.41,1.49,1.94,1.9
0.01,0.05,0.19,0.38,0.75,0.99,1.29,1.47,1.55,2.0,1.96
0.06,0.05,0.19,0.38,0.73,0.98,1.27,1.44,1.52,1.97,1.93
0.06,0.06,0.19,0.39,0.73,0.97,1.26,1.44,1.52,1.94,1.9
0.05,0.08,0.22,0.4,0.78,1.04,1.37,1.55,1.63,2.05,2.01
0.06,0.08,0.22,0.38,0.77,1.02,1.37,1.57,1.66,2.1,2.07
0.05,0.09,0.22,0.41,0.83,1.1,1.43,1.62,1.71,2.12,2.09
0.04,0.1,0.23,0.45,0.88,1.15,1.47,1.66,1.73,2.12,2.09
0.05,0.1,0.24,0.43,0.87,1.17,1.5,1.69,1.76,2.15,2.11
0.05,0.13,0.28,0.46,0.92,1.21,1.53,1.71,1.78,2.15,2.11
0.04,0.11,0.28,0.46,0.9,1.22,1.51,1.69,1.75,2.13,2.08
0.04,0.12,0.27,0.48,0.92,1.21,1.5,1.67,1.74,2.13,2.08
0.05,0.12,0.28,0.47,0.91,1.18,1.47,1.64,1.7,2.1,2.05
0.05,0.13,0.3,0.51,0.99,1.26,1.55,1.72,1.78,2.18,2.12
,,,,,,,,,,
0.05,0.16,0.37,0.58,1.06,1.35,1.65,1.82,1.87,2.24,2.18
0.05,0.17,0.36,0.57,1.04,1.33,1.62,1.78,1.83,2.2,2.14
0.05,0.17,0.36,0.6,1.08,1.34,1.62,1.77,1.83,2.19,2.14
0.05,0.17,0.35,0.58,1.01,1.28,1.54,1.7,1.75,2.13,2.07
0.05,0.19,0.39,0.58,0.99,1.25,1.53,1.69,1.75,2.15,2.1
0.05,0.19,0.39,0.65,1.02,1.28,1.56,1.73,1.78,2.18,2.12
0.06,0.19,0.4,0.7,1.13,1.39,1.66,1.81,1.85,2.22,2.16
0.04,0.2,0.43,0.75,1.18,1.43,1.66,1.78,1.81,2.17,2.09
0.04,0.19,0.43,0.75,1.15,1.38,1.61,1.74,1.78,2.14,2.07
0.03,0.22,0.49,0.78,1.18,1.39,1.62,1.75,1.79,2.17,2.11
0.04,0.19,0.48,0.78,1.18,1.39,1.63,1.76,1.81,2.19,2.12
0.04,0.19,0.45,0.76,1.16,1.38,1.6,1.74,1.78,2.17,2.11
0.03,0.2,0.48,0.78,1.19,1.42,1.66,1.78,1.82,2.2,2.14
0.05,0.23,0.56,0.89,1.31,1.55,1.78,1.9,1.93,2.29,2.23
0.03,0.27,0.58,0.88,1.3,1.54,1.76,1.88,1.92,2.28,2.22
0.03,0.25,0.59,0.91,1.35,1.59,1.81,1.93,1.96,2.31,2.25
0.04,0.26,0.57,0.91,1.36,1.61,1.82,1.92,1.94,2.31,2.25
0.05,0.4,0.74,1.14,1.61,1.82,1.96,2.03,2.03,2.37,2.3
0.03,0.36,0.71,1.07,1.5,1.71,1.84,1.92,1.92,2.3,2.24
0.03,0.43,0.76,1.13,1.58,1.8,1.9,1.98,1.98,2.35,2.29
0.02,0.4,0.72,1.11,1.58,1.8,1.94,2.03,2.05,2.42,2.37
0.03,0.38,0.67,1.09,1.52,1.75,1.9,2.0,2.03,2.39,2.34
0.06,0.36,0.65,1.05,1.49,1.7,1.85,1.94,1.97,2.35,2.31
0.03,0.35,0.65,1.03,1.47,1.68,1.82,1.9,1.92,2.3,2.24
,,,,,,,,,,
0.03,0.37,0.73,1.17,1.56,1.74,1.85,1.93,1.94,2.31,2.24
0.02,0.34,0.74,1.16,1.58,1.78,1.89,1.98,1.99,2.36,2.29
0.05,0.32,0.65,1.08,1.54,1.73,1.84,1.94,1.96,2.36,2.28
0.03,0.33,0.71,1.13,1.55,1.76,1.86,1.96,1.97,2.37,2.29
0.06,0.35,0.69,1.01,1.44,1.62,1.71,1.81,1.83,2.25,2.17
0.11,0.32,0.6,0.91,1.31,1.47,1.56,1.67,1.72,2.19,2.11
0.13,0.34,0.68,1.06,1.5,1.67,1.74,1.83,1.86,2.32,2.24
0.19,0.38,0.69,1.08,1.53,1.69,1.74,1.82,1.86,2.32,2.24
0.15,0.34,0.69,1.05,1.5,1.62,1.65,1.7,1.74,2.23,2.16
0.17,0.38,0.75,1.07,1.55,1.68,1.71,1.77,1.78,2.29,2.19
0.16,0.36,0.72,1.12,1.63,1.78,1.8,1.85,1.86,2.34,2.24
0.18,0.38,0.75,1.15,1.68,1.83,1.87,1.92,1.94,2.38,2.29
0.19,0.39,0.75,1.19,1.72,1.88,1.92,1.98,1.98,2.45,2.38
0.17,0.4,0.78,1.22,1.75,1.91,1.96,2.01,2.0,2.45,2.36
0.23,0.45,0.86,1.28,1.87,2.04,2.1,2.16,2.14,2.56,2.47
0.22,0.46,0.86,1.28,1.85,2.04,2.1,2.16,2.15,2.57,2.49
0.24,0.44,0.86,1.35,1.95,2.14,2.18,2.22,2.19,2.56,2.46
0.2,0.4,0.81,1.3,1.94,2.14,2.17,2.22,2.2,2.6,2.5
0.19,0.42,0.83,1.29,1.97,2.15,2.14,2.17,2.14,2.53,2.42
0.22,0.54,0.95,1.4,2.14,2.34,2.33,2.36,2.32,2.67,2.55
0.2,0.51,0.96,1.59,2.18,2.38,2.39,2.42,2.38,2.71,2.6
0.15,0.5,0.93,1.52,2.13,2.32,2.34,2.37,2.32,2.65,2.52
0.16,0.52,0.96,1.55,2.13,2.35,2.37,2.39,2.34,2.63,2.51
0.17,0.55,1.01,1.67,2.3,2.51,2.55,2.56,2.48,2.74,2.6
0.19,0.59,1.08,1.69,2.35,2.55,2.54,2.55,2.46,2.72,2.57
0.18,0.55,1.06,1.67,2.35,2.54,2.49,2.5,2.41,2.68,2.53
0.16,0.55,1.04,1.64,2.31,2.49,2.44,2.43,2.35,2.63,2.48
0.17,0.52,1.06,1.63,2.28,2.45,2.42,2.4,2.32,2.59,2.44
0.15,0.53,1.09,1.72,2.44,2.61,2.55,2.5,2.39,2.6,2.44
0.18,0.66,1.14,1.72,2.43,2.61,2.56,2.52,2.42,2.64,2.48
0.18,0.65,1.13,1.77,2.51,2.69,2.69,2.65,2.54,2.74,2.57
0.21,0.67,1.15,1.79,2.5,2.67,2.7,2.69,2.61,2.81,2.63
0.21,0.68,1.15,1.78,2.47,2.66,2.7,2.73,2.66,2.87,2.69
0.2,0.7,1.19,1.81,2.53,2.73,2.76,2.79,2.72,2.94,2.76
0.22,0.77,1.23,1.85,2.5,2.73,2.79,2.84,2.79,3.02,2.84
0.21,0.74,1.2,1.77,2.39,2.58,2.66,2.73,2.72,2.99,2.82
0.26,0.75,1.2,1.78,2.37,2.57,2.66,2.71,2.7,2.97,2.81
0.37,0.79,1.25,1.84,2.47,2.67,2.79,2.84,2.83,3.09,2.92
,,,,,,,,,,
0.38,0.81,1.27,1.84,2.46,2.68,2.79,2.85,2.85,3.12,2.95
0.37,0.81,1.28,1.94,2.61,2.81,2.91,2.95,2.93,3.19,3.01
0.35,0.82,1.29,1.93,2.6,2.79,2.87,2.88,2.85,3.08,2.9
0.5,0.83,1.32,2.01,2.68,2.87,2.96,2.96,2.9,3.12,2.94
0.46,0.83,1.34,2.06,2.72,2.88,2.94,2.95,2.9,3.14,2.95
0.4,0.91,1.42,2.03,2.63,2.79,2.84,2.85,2.81,3.06,2.88
0.38,0.83,1.4,1.99,2.54,2.72,2.79,2.8,2.77,3.03,2.86
0.37,0.82,1.39,1.97,2.58,2.75,2.81,2.84,2.82,3.08,2.91
0.37,0.82,1.38,2.04,2.63,2.8,2.86,2.88,2.85,3.1,2.92
0.37,0.85,1.41,2.1,2.7,2.87,2.92,2.94,2.89,3.14,2.96
0.41,0.9,1.49,2.1,2.73,2.93,3.01,3.04,2.99,3.26,3.07
0.48,0.91,1.45,2.16,2.78,2.95,3.01,3.03,2.97,3.21,3.03
0.49,0.89,1.44,2.07,2.66,2.85,2.93,2.97,2.93,3.21,3.01
0.49,0.85,1.37,2.08,2.71,2.91,3.01,3.07,3.05,3.35,3.15
0.48,0.85,1.41,2.08,2.72,2.94,3.06,3.13,3.12,3.43,3.23
0.51,0.92,1.43,1.99,2.61,2.81,2.95,3.04,3.05,3.38,3.19
0.57,0.89,1.44,2.01,2.62,2.81,2.91,2.99,2.99,3.31,3.12
0.59,0.91,1.43,1.99,2.66,2.81,2.89,2.94,2.91,3.25,3.05
0.61,0.96,1.44,1.96,2.56,2.73,2.81,2.86,2.84,3.22,3.0
0.67,1.03,1.47,2.04,2.61,2.79,2.89,2.95,2.93,3.32,3.1
0.64,1.07,1.54,2.07,2.58,2.75,2.83,2.89,2.88,3.3,3.09
0.61,1.06,1.57,2.16,2.71,2.89,2.96,3.0,2.98,3.36,3.17
0.56,1.03,1.56,2.16,2.68,2.84,2.89,2.91,2.89,3.24,3.07
0.65,1.05,1.52,2.11,2.63,2.78,2.84,2.87,2.84,3.24,3.05
0.63,1.03,1.51,2.07,2.6,2.73,2.8,2.82,2.78,3.17,2.99
0.55,1.07,1.57,2.09,2.65,2.8,2.88,2.9,2.86,3.26,3.08
0.55,1.06,1.53,2.02,2.5,2.66,2.76,2.8,2.76,3.16,2.98
0.58,1.06,1.52,2.01,2.48,2.63,2.71,2.76,2.75,3.14,2.97
0.71,1.07,1.52,1.99,2.46,2.63,2.7,2.75,2.75,3.18,2.99
0.69,1.08,1.54,2.01,2.47,2.64,2.71,2.76,2.74,3.16,2.97
,,,,,,,,,,
0.73,1.16,1.64,2.08,2.53,2.71,2.81,2.87,2.85,3.28,3.07
0.77,1.15,1.63,2.16,2.66,2.84,2.94,2.98,2.94,3.31,3.09
0.85,1.17,1.64,2.15,2.65,2.83,2.92,2.95,2.92,3.3,3.09
0.87,1.21,1.68,2.18,2.66,2.87,2.95,2.99,2.96,3.33,3.11
0.88,1.26,1.74,2.23,2.73,2.94,3.03,3.07,3.04,3.41,3.19
0.87,1.26,1.75,2.26,2.75,2.91,2.99,3.02,2.98,3.35,3.13
0.89,1.28,1.77,2.29,2.78,2.94,3.03,3.06,3.03,3.4,3.18
1.05,1.3,1.81,2.35,2.83,2.99,3.07,3.08,3.04,3.4,3.18
1.1,1.39,1.98,2.58,3.06,3.21,3.25,3.24,3.15,3.45,3.2
1.13,1.73,2.25,2.89,3.4,3.56,3.56,3.53,3.43,3.68,3.42
1.19,1.83,2.43,3.15,3.45,3.6,3.61,3.6,3.49,3.72,3.45
1.21,1.74,2.32,2.93,3.2,3.35,3.38,3.39,3.33,3.64,3.39
1.19,1.59,2.24,2.88,3.14,3.33,3.35,3.36,3.28,3.59,3.35
1.15,1.63,2.25,2.86,3.17,3.35,3.34,3.34,3.25,3.55,3.3
,,,,,,,,,,
1.08,1.7,2.46,2.92,3.21,3.35,3.38,3.39,3.31,3.63,3.39
0.98,1.61,2.4,2.79,3.06,3.2,3.22,3.24,3.16,3.49,3.25
1.12,1.65,2.44,2.78,3.01,3.12,3.14,3.16,3.09,3.45,3.21
1.19,1.73,2.51,2.83,3.04,3.13,3.18,3.19,3.13,3.51,3.26
1.16,1.79,2.56,2.89,3.08,3.21,3.24,3.27,3.2,3.56,3.31
1.12,1.79,2.55,2.88,3.1,3.21,3.25,3.27,3.2,3.55,3.3
1.12,1.78,2.55,2.88,3.06,3.13,3.15,3.17,3.1,3.46,3.22
1.28,1.72,2.51,2.8,2.92,2.99,3.01,3.04,2.98,3.38,3.14
1.27,1.73,2.52,2.79,2.84,2.85,2.88,2.92,2.88,3.35,3.11
,,,,,,,,,,
1.33,1.9,2.59,2.77,2.82,2.82,2.82,2.87,2.82,3.31,3.05
1.36,1.9,2.62,2.82,2.97,2.99,2.96,2.99,2.93,3.42,3.14
1.55,1.95,2.64,2.87,3.03,3.05,3.05,3.07,3.01,3.45,3.2
1.57,1.98,2.68,2.96,3.12,3.14,3.13,3.16,3.09,3.53,3.27
1.58,2.18,2.79,2.97,3.07,3.09,3.05,3.06,2.99,3.43,3.18
1.63,2.22,2.78,3.07,3.03,3.07,3.01,3.01,2.96,3.37,3.13
1.78,2.39,2.96,3.21,3.13,3.14,3.02,3.0,2.91,3.35,3.08
1.99,2.4,2.93,3.16,3.15,3.16,3.06,3.05,2.96,3.36,3.11
1.98,2.37,2.94,3.12,3.13,3.14,3.05,3.03,2.93,3.34,3.1
1.96,2.5,3.02,3.13,3.15,3.15,3.06,3.05,2.96,3.39,3.14
1.93,2.52,3.06,3.18,3.23,3.22,3.14,3.11,3.01,3.42,3.17
1.92,2.51,3.04,3.18,3.25,3.25,3.18,3.15,3.04,3.43,3.17
2.15,2.48,3.0,3.11,3.1,3.07,3.0,2.99,2.91,3.33,3.08
2.15,2.49,2.97,3.01,2.98,2.93,2.87,2.85,2.77,3.23,3.0
2.14,2.62,3.06,3.07,3.0,2.98,2.89,2.89,2.81,3.28,3.04
2.17,2.55,3.01,3.06,3.02,3.01,2.89,2.88,2.81,3.27,3.03
2.14,2.44,2.93,3.0,2.96,2.93,2.82,2.83,2.78,3.26,3.03
2.2,2.42,2.9,2.93,2.85,2.81,2.69,2.69,2.68,3.23,3.02
2.22,2.41,2.91,2.98,2.89,2.83,2.7,2.7,2.67,3.2,3.0
2.22,2.56,2.96,2.98,2.9,2.82,2.66,2.64,2.6,3.12,2.92
2.22,2.56,3.0,3.09,3.06,3.02,2.85,2.82,2.75,3.22,3.0
2.2,2.52,3.0,3.14,3.1,3.04,2.86,2.81,2.73,3.17,2.96
2.19,2.5,2.98,3.11,3.03,2.95,2.76,2.73,2.68,3.15,2.97
2.21,2.58,3.1,3.29,3.24,3.18,2.97,2.91,2.83,3.27,3.06
2.23,2.65,3.15,3.3,3.21,3.14,2.91,2.85,2.77,3.22,3.0
2.23,2.67,3.16,3.33,3.28,3.2,2.97,2.89,2.8,3.24,3.01
2.24,2.65,3.13,3.26,3.23,3.13,2.93,2.86,2.78,3.27,3.04
2.24,2.62,3.08,3.25,3.23,3.16,2.98,2.94,2.87,3.38,3.15
2.23,2.63,3.13,3.26,3.25,3.18,2.97,2.92,2.84,3.34,3.12
2.27,2.72,3.13,3.23,3.2,3.14,2.91,2.86,2.79,3.31,3.1
2.26,2.7,3.12,3.26,3.25,3.19,2.95,2.9,2.82,3.31,3.11
2.22,2.68,3.15,3.27,3.28,3.27,3.04,2.99,2.89,3.37,3.15
2.23,2.71,3.12,3.24,3.22,3.23,3.02,2.97,2.88,3.35,3.14
2.23,2.74,3.16,3.26,3.25,3.28,3.11,3.06,2.98,3.44,3.22
2.27,2.82,3.23,3.32,3.32,3.36,3.17,3.12,3.03,3.48,3.24
2.28,2.8,3.21,3.29,3.29,3.35,3.18,3.14,3.05,3.49,3.26
2.29,2.82,3.28,3.35,3.36,3.4,3.2,3.2,3.11,3.55,3.32
2.42,2.88,3.25,3.33,3.35,3.37,3.15,3.11,3.03,3.47,3.25
2.39,2.89,3.26,3.36,3.37,3.4,3.2,3.14,3.04,3.44,3.21
2.45,2.97,3.32,3.43,3.42,3.45,3.27,3.21,3.12,3.5,3.25
2.43,2.97,3.31,3.48,3.46,3.47,3.27,3.22,3.11,3.49,3.23
2.4,2.96,3.32,3.5,3.45,3.46,3.3,3.25,3.15,3.53,3.27
2.53,2.97,3.34,3.51,3.51,3.54,3.39,3.36,3.26,3.64,3.37
2.49,2.94,3.33,3.47,3.4,3.44,3.3,3.29,3.2,3.61,3.35
,,,,,,,,,,
2.44,3.04,3.4,3.61,3.5,3.55,3.43,3.41,3.33,3.74,3.49
2.3,3.07,3.42,3.6,3.45,3.5,3.37,3.35,3.27,3.67,3.42
2.57,3.06,3.44,3.6,3.48,3.54,3.39,3.37,3.29,3.69,3.45
2.57,3.08,3.52,3.67,3.56,3.61,3.45,3.42,3.33,3.71,3.47
2.62,3.17,3.56,3.7,3.58,3.6,3.47,3.45,3.37,3.76,3.53
2.55,3.28,3.75,3.92,3.75,3.75,3.58,3.53,3.42,3.75,3.51
2.54,3.24,3.76,3.95,3.78,3.79,3.6,3.52,3.41,3.73,3.47
2.76,3.22,3.78,4.0,3.87,3.85,3.66,3.59,3.45,3.75,3.48
2.68,3.2,3.77,3.96,3.85,3.81,3.62,3.56,3.45,3.79,3.52
2.62,3.37,3.87,4.05,3.95,3.9,3.69,3.62,3.49,3.77,3.52
2.57,3.35,3.86,4.03,3.96,3.94,3.75,3.69,3.57,3.83,3.59
2.59,3.31,3.86,4.08,4.02,3.98,3.74,3.65,3.51,3.73,3.5
2.73,3.29,3.87,4.08,4.11,4.12,3.91,3.84,3.7,3.9,3.65
2.67,3.24,3.85,4.15,4.2,4.21,3.96,3.85,3.69,3.87,3.61
2.73,3.39,3.95,4.17,4.27,4.37,4.15,4.06,3.88,4.01,3.72
2.71,3.35,3.91,4.16,4.3,4.39,4.21,4.14,3.97,4.15,3.87
2.63,3.4,3.87,3.99,4.07,4.12,3.92,3.83,3.72,3.98,3.7
2.78,3.36,3.87,3.98,4.16,4.19,3.98,3.89,3.76,4.0,3.71
2.79,3.33,3.92,4.05,4.22,4.25,4.06,3.97,3.83,4.08,3.79
2.87,3.46,3.97,4.01,4.12,4.12,3.9,3.79,3.67,4.0,3.73
2.91,3.45,3.98,4.15,4.1,4.08,3.84,3.73,3.62,3.95,3.7
2.89,3.46,4.0,4.14,4.15,4.17,3.96,3.87,3.76,4.05,3.78
3.05,3.46,4.04,4.19,4.23,4.24,4.05,3.95,3.83,4.08,3.81
3.03,3.45,4.09,4.24,4.3,4.33,4.14,4.03,3.89,4.13,3.86
,,,,,,,,,,
3.07,3.67,4.17,4.28,4.3,4.31,4.14,4.06,3.93,4.19,3.92
3.07,3.7,4.16,4.28,4.28,4.29,4.12,4.03,3.91,4.18,3.9
3.35,3.79,4.3,4.46,4.47,4.44,4.21,4.11,3.97,4.25,3.97
3.3,3.81,4.31,4.5,4.48,4.47,4.25,4.15,4.0,4.26,3.99
3.3,3.97,4.38,4.5,4.45,4.45,4.24,4.15,4.02,4.29,4.04
3.25,4.04,4.39,4.5,4.43,4.43,4.21,4.12,4.01,4.27,4.04
3.31,4.07,4.45,4.6,4.55,4.56,4.35,4.26,4.14,4.38,4.15
3.58,4.09,4.48,4.66,4.62,4.66,4.45,4.36,4.24,4.47,4.24
3.55,4.09,4.43,4.58,4.49,4.52,4.34,4.28,4.21,4.54,4.33
3.57,4.16,4.52,4.61,4.5,4.52,4.36,4.31,4.25,4.59,4.4
3.56,4.14,4.5,4.6,4.42,4.45,4.25,4.17,4.1,4.45,4.26
3.54,4.11,4.47,4.54,4.39,4.41,4.2,4.12,4.04,4.38,4.19
3.76,4.13,4.44,4.5,4.3,4.29,4.09,4.01,3.96,4.32,4.12
3.75,4.18,4.51,4.55,4.41,4.38,4.19,4.1,4.02,4.38,4.15
3.73,4.22,4.57,4.66,4.51,4.45,4.27,4.18,4.1,4.44,4.22
3.72,4.23,4.58,4.75,4.54,4.48,4.27,4.18,4.07,4.37,4.14
3.7,4.22,4.57,4.76,4.61,4.54,4.3,4.2,4.1,4.41,4.15
3.75,4.25,4.57,4.78,4.71,4.63,4.36,4.26,4.14,4.42,4.18
3.73,4.21,4.55,4.76,4.66,4.58,4.33,4.26,4.17,4.49,4.27
3.78,4.29,4.62,4.8,4.72,4.63,4.39,4.31,4.22,4.55,4.34
3.66,4.28,4.6,4.77,4.67,4.55,4.31,4.22,4.14,4.47,4.28
3.65,4.29,4.59,4.75,4.61,4.49,4.27,4.2,4.12,4.5,4.31
3.71,4.28,4.52,4.59,4.34,4.17,3.95,3.89,3.82,4.24,4.03
,,,,,,,,,,
3.72,4.34,4.55,4.63,4.4,4.24,4.0,3.95,3.88,4.28,4.07
3.77,4.31,4.54,4.6,4.37,4.17,3.93,3.88,3.8,4.2,3.98
3.81,4.32,4.54,4.62,4.35,4.13,3.83,3.77,3.67,4.03,3.85
3.93,4.32,4.57,4.68,4.43,4.22,3.93,3.87,3.77,4.1,3.89
3.93,4.34,4.61,4.74,4.51,4.28,3.99,3.92,3.82,4.13,3.92
3.97,4.41,4.65,4.75,4.48,4.32,3.97,3.94,3.83,4.14,3.91
3.97,4.4,4.68,4.79,4.47,4.27,3.93,3.86,3.76,4.05,3.83
4.12,4.4,4.67,4.75,4.46,4.23,3.88,3.81,3.71,3.97,3.74
,,,,,,,,,,
4.16,4.41,4.67,4.76,4.42,4.2,3.85,3.78,3.68,3.97,3.74
4.11,4.41,4.72,4.76,4.46,4.22,3.88,3.8,3.69,3.97,3.74
4.08,4.38,4.72,4.78,4.48,4.24,3.92,3.85,3.75,4.02,3.81
4.07,4.37,4.7,4.74,4.38,4.13,3.82,3.76,3.68,4.0,3.8
4.04,4.33,4.65,4.66,4.25,3.98,3.68,3.62,3.53,3.85,3.64
3.91,4.34,4.65,4.69,4.28,3.99,3.67,3.61,3.51,3.79,3.56
3.93,4.36,4.73,4.77,4.41,4.13,3.8,3.72,3.6,3.84,3.62
3.87,4.37,4.74,4.73,4.34,4.07,3.73,3.64,3.51,3.77,3.52
3.79,4.29,4.72,4.67,4.26,3.97,3.62,3.54,3.42,3.66,3.42
3.75,4.28,4.71,4.71,4.31,4.04,3.71,3.63,3.48,3.71,3.44
3.81,4.31,4.72,4.72,4.33,4.07,3.75,3.69,3.57,3.82,3.56
3.86,4.38,4.78,4.75,4.39,4.1,3.8,3.73,3.61,3.84,3.57
3.89,4.35,4.7,4.64,4.22,3.96,3.66,3.6,3.51,3.74,3.53
3.91,4.33,4.68,4.64,4.23,3.94,3.64,3.59,3.49,3.74,3.52
3.95,4.34,4.7,4.65,4.23,3.96,3.62,3.56,3.44,3.69,3.48
3.94,4.31,4.68,4.61,4.17,3.91,3.61,3.58,3.48,3.73,3.53
3.95,4.37,4.71,4.64,4.25,3.99,3.7,3.67,3.57,3.82,3.62
3.89,4.35,4.7,4.64,4.25,4.03,3.79,3.78,3.69,3.94,3.74
3.9,4.33,4.67,4.6,4.21,4.0,3.78,3.77,3.68,3.93,3.74
3.8,4.35,4.66,4.64,4.24,4.02,3.79,3.77,3.67,3.91,3.73
3.8,4.34,4.67,4.66,4.31,4.09,3.86,3.83,3.75,3.99,3.82
,,,,,,,,,,
3.87,4.46,4.76,4.75,4.32,4.17,3.94,3.93,3.84,4.1,3.93
3.86,4.46,4.75,4.71,4.31,4.18,3.97,3.97,3.88,4.13,3.98
4.04,4.45,4.73,4.71,4.34,4.16,3.94,3.91,3.83,4.09,3.92
4.12,4.42,4.76,4.73,4.41,4.22,3.99,3.96,3.88,4.14,3.97
,,,,,,,,,,
4.17,4.53,4.77,4.72,4.4,4.18,3.94,3.89,3.79,4.06,3.88
4.2,4.55,4.77,4.71,4.36,4.11,3.85,3.79,3.69,3.97,3.81
4.3,4.66,4.81,4.78,4.45,4.18,3.9,3.82,3.71,3.96,3.78
4.32,4.67,4.79,4.71,4.24,3.96,3.69,3.63,3.55,3.84,3.67
4.37,4.7,4.83,4.69,4.19,3.93,3.66,3.6,3.53,3.83,3.66
4.41,4.73,4.85,4.74,4.24,3.94,3.72,3.67,3.61,3.91,3.74
4.42,4.72,4.84,4.73,4.2,3.9,3.66,3.61,3.54,3.84,3.67
4.57,4.66,4.76,4.66,4.12,3.79,3.53,3.48,3.43,3.73,3.56
4.58,4.67,4.77,4.69,4.22,3.88,3.6,3.55,3.49,3.79,3.61
,,,,,,,,,,
4.6,4.71,4.82,4.67,4.18,3.86,3.6,3.57,3.53,3.81,3.64
4.59,4.69,4.79,4.63,4.06,3.72,3.43,3.4,3.37,3.65,3.54
4.69,4.71,4.79,4.65,4.09,3.76,3.48,3.43,3.39,3.69,3.57
4.69,4.72,4.8,4.68,4.14,3.83,3.56,3.51,3.48,3.77,3.66
4.69,4.73,4.82,4.7,4.21,3.88,3.61,3.56,3.52,3.8,3.69
4.7,4.72,4.84,4.7,4.12,3.86,3.58,3.52,3.46,3.73,3.62
4.67,4.72,4.79,4.67,4.11,3.84,3.54,3.51,3.46,3.74,3.62
4.61,4.71,4.79,4.68,4.17,3.88,3.58,3.54,3.49,3.75,3.62
4.61,4.73,4.81,4.68,4.19,3.9,3.62,3.58,3.52,3.77,3.64
4.6,4.72,4.82,4.71,4.25,3.96,3.68,3.62,3.55,3.79,3.66
4.58,4.7,4.8,4.68,4.21,3.9,3.63,3.59,3.52,3.78,3.65
4.59,4.66,4.79,4.66,4.09,3.75,3.48,3.43,3.39,3.67,3.55
4.62,4.66,4.76,4.64,4.09,3.75,3.49,3.44,3.4,3.67,3.55
4.61,4.7,4.82,4.79,4.3,3.96,3.67,3.61,3.53,3.77,3.63
4.61,4.71,4.89,4.85,4.44,4.1,3.81,3.73,3.63,3.82,3.67
4.62,4.71,4.89,4.88,4.47,4.11,3.85,3.78,3.67,3.87,3.72
4.64,4.72,4.88,4.87,4.45,4.08,3.82,3.75,3.63,3.86,3.7
4.66,4.77,4.9,4.88,4.48,4.15,3.87,3.79,3.67,3.9,3.75
4.66,4.79,4.89,4.89,4.5,4.19,3.93,3.86,3.74,3.96,3.83
4.66,4.81,4.99,4.91,4.52,4.22,3.93,3.84,3.72,3.92,3.79
4.63,4.8,4.98,4.99,4.6,4.32,4.0,3.9,3.77,3.94,3.81
4.64,4.79,4.97,4.96,4.62,4.35,4.04,3.94,3.81,3.97,3.85
4.66,4.84,4.98,4.99,4.62,4.35,4.06,3.98,3.86,4.05,3.92
4.64,4.84,4.99,5.0,4.6,4.33,4.03,3.95,3.82,4.01,3.88
,,,,,,,,,,
4.63,4.86,5.07,5.07,4.67,4.44,4.16,4.08,3.95,4.12,3.98
4.62,4.84,5.08,5.07,4.66,4.43,4.13,4.07,3.93,4.09,3.94
4.66,4.84,5.05,5.03,4.66,4.4,4.09,4.02,3.88,4.04,3.88
4.68,4.86,5.06,5.05,4.78,4.52,4.19,4.1,3.95,4.11,3.93
4.67,4.89,5.18,5.03,4.78,4.49,4.17,4.08,3.92,4.11,3.93
4.65,4.88,5.17,5.02,4.81,4.51,4.18,4.07,3.92,4.1,3.93
4.67,4.9,5.2,5.06,4.89,4.61,4.27,4.17,4.01,4.17,3.97
4.75,4.91,5.18,5.04,4.89,4.63,4.32,4.24,4.08,4.24,4.03
4.75,4.91,5.18,5.03,4.86,4.6,4.26,4.15,3.97,4.12,3.9
4.75,4.93,5.22,5.05,4.89,4.61,4.27,4.16,3.98,4.14,3.92
4.8,5.04,5.32,5.22,5.0,4.66,4.31,4.17,3.97,4.11,3.88
4.77,5.06,5.34,5.25,5.05,4.71,4.34,4.19,3.98,4.11,3.88
4.83,5.05,5.32,5.18,4.9,4.56,4.22,4.1,3.93,4.09,3.88
4.81,5.01,5.17,4.9,4.6,4.31,3.96,3.86,3.7,3.9,3.7
4.62,4.87,4.81,4.3,4.03,3.88,3.68,3.65,3.55,3.85,3.7
4.47,4.88,4.93,4.45,4.2,4.05,3.78,3.74,3.64,3.91,3.77
4.23,4.75,4.73,4.19,3.93,3.83,3.59,3.57,3.51,3.82,3.7
4.22,4.74,4.94,4.49,4.14,3.99,3.72,3.67,3.56,3.87,3.71
4.31,4.52,4.71,4.26,3.81,3.68,3.44,3.45,3.39,3.76,3.6
4.34,4.81,4.8,4.34,3.92,3.77,3.56,3.55,3.47,3.83,3.65
4.07,4.78,4.96,4.68,4.17,3.98,3.73,3.68,3.59,3.9,3.73
4.16,4.79,4.95,4.56,3.96,3.76,3.54,3.53,3.48,3.83,3.68
4.26,4.73,4.8,4.38,3.76,3.57,3.39,3.39,3.38,3.78,3.66
4.28,4.74,4.76,4.32,3.76,3.58,3.41,3.4,3.38,3.77,3.64
4.22,4.91,4.86,4.51,3.94,3.79,3.59,3.57,3.53,3.9,3.77
4.24,4.8,4.9,4.55,4.02,3.84,3.63,3.6,3.55,3.9,3.77
4.34,4.8,4.92,4.59,4.08,3.87,3.67,3.62,3.57,3.91,3.78
4.74,4.97,4.92,4.63,4.1,3.87,3.66,3.61,3.55,3.88,3.74
4.74,4.85,4.94,4.64,4.06,3.81,3.6,3.55,3.48,3.81,3.67
4.7,4.9,4.88,4.6,3.97,3.73,3.52,3.48,3.43,3.78,3.64
4.66,4.88,4.8,4.5,3.84,3.6,3.39,3.38,3.35,3.72,3.6
4.62,4.86,4.82,4.43,3.79,3.55,3.36,3.34,3.3,3.67,3.56
4.57,4.91,4.93,4.51,3.82,3.59,3.37,3.34,3.3,3.66,3.54
4.56,4.95,4.95,4.61,3.97,3.72,3.49,3.45,3.39,3.73,3.61
4.53,5.08,4.98,4.65,4.0,3.75,3.52,3.47,3.41,3.74,3.62
4.27,5.04,4.99,4.67,4.03,3.76,3.54,3.48,3.43,3.75,3.62
4.27,5.02,4.98,4.64,3.95,3.68,3.46,3.43,3.41,3.75,3.64
4.08,5.1,4.95,4.66,3.96,3.7,3.51,3.48,3.45,3.8,3.69
4.29,5.14,5.03,4.77,4.08,3.83,3.6,3.56,3.52,3.85,3.74
4.09,5.21,5.07,4.8,4.18,3.92,3.69,3.64,3.6,3.92,3.81
3.89,5.2,5.09,4.81,4.19,3.92,3.69,3.63,3.58,3.91,3.79
3.95,5.16,5.1,4.84,4.24,3.97,3.71,3.66,3.6,3.9,3.79
3.4,5.12,5.06,4.77,4.14,3.87,3.63,3.59,3.54,3.87,3.75
3.36,5.14,5.07,4.78,4.17,3.89,3.66,3.62,3.57,3.9,3.78
3.54,5.2,5.06,4.76,4.12,3.84,3.6,3.56,3.52,3.85,3.73
4.11,5.12,4.98,4.6,3.86,3.62,3.43,3.42,3.4,3.77,3.65
3.91,5.16,5.0,4.64,3.9,3.65,3.46,3.45,3.43,3.81,3.7
4.27,5.18,5.05,4.78,4.07,3.82,3.6,3.57,3.53,3.88,3.76
4.35,5.1,5.06,4.8,4.04,3.75,3.51,3.49,3.44,3.8,3.67
4.49,5.27,5.14,4.86,4.14,3.85,3.64,3.62,3.59,3.95,3.84
4.56,5.24,5.06,4.74,3.97,3.67,3.46,3.44,3.44,3.82,3.72
4.7,5.26,5.08,4.7,3.89,3.58,3.37,3.37,3.38,3.79,3.7
5.76,5.26,5.04,4.59,3.75,3.47,3.29,3.32,3.37,3.8,3.73
5.59,5.26,5.13,4.73,3.92,3.63,3.41,3.41,3.44,3.85,3.76
5.51,5.31,5.14,4.79,4.0,3.7,3.49,3.5,3.52,3.92,3.84
5.56,5.29,5.18,4.81,4.01,3.67,3.51,3.51,3.53,3.94,3.85
5.5,5.24,5.13,4.7,3.9,3.55,3.37,3.4,3.43,3.88,3.8
5.81,5.2,5.14,4.7,3.89,3.56,3.36,3.37,3.39,3.82,3.73
5.79,5.25,5.16,4.75,3.98,3.65,3.45,3.45,3.46,3.87,3.78
5.64,5.21,5.24,4.73,3.99,3.67,3.46,3.48,3.5,3.92,3.84
5.58,5.23,5.26,4.88,4.06,3.74,3.52,3.53,3.54,3.96,3.87
5.5,5.26,5.3,4.92,4.12,3.8,3.58,3.58,3.57,3.96,3.88
5.59,5.31,5.38,5.02,4.24,3.94,3.69,3.67,3.65,4.02,3.91
5.62,5.29,5.36,5.02,4.28,3.98,3.76,3.74,3.7,4.07,3.95
5.69,5.4,5.43,5.07,4.29,3.98,3.77,3.74,3.72,4.09,3.97
5.67,5.34,5.39,5.06,4.26,3.99,3.76,3.73,3.7,4.08,3.96
5.73,5.37,5.42,5.12,4.31,4.04,3.75,3.76,3.73,4.1,3.97
5.95,5.38,5.46,5.24,4.5,4.21,3.9,3.86,3.83,4.16,4.01
6.02,5.34,5.44,5.25,4.54,4.23,3.92,3.86,3.8,4.13,3.96
,,,,,,,,,,
5.31,5.55,5.52,5.22,4.46,4.1,3.81,3.75,3.69,4.06,3.9
5.28,5.52,5.46,5.18,4.4,4.04,3.74,3.69,3.64,4.01,3.85
5.3,5.5,5.44,5.11,4.33,3.98,3.7,3.66,3.61,3.98,3.84
5.28,5.5,5.5,5.22,4.5,4.13,3.84,3.78,3.69,4.03,3.88
5.25,5.46,5.46,5.17,4.46,4.1,3.82,3.77,3.69,4.03,3.89
5.15,5.44,5.44,5.2,4.51,4.15,3.85,3.78,3.7,4.02,3.87
5.07,5.42,5.43,5.16,4.56,4.21,3.93,3.88,3.79,4.12,3.95
5.25,5.38,5.39,5.12,4.52,4.17,3.87,3.8,3.73,4.05,3.89
5.25,5.37,5.39,5.17,4.59,4.23,3.92,3.84,3.75,4.05,3.89
5.24,5.4,5.38,5.18,4.55,4.16,3.89,3.82,3.73,4.04,3.87
5.19,5.36,5.36,5.26,4.67,4.3,4.01,3.94,3.84,4.12,3.94
5.18,5.36,5.36,5.27,4.74,4.37,4.06,3.95,3.83,4.09,3.9
5.18,5.33,5.33,5.21,4.62,4.23,3.91,3.82,3.72,4.02,3.85
5.18,5.34,5.35,5.24,4.7,4.32,3.99,3.88,3.77,4.05,3.86
,,,,,,,,,,
5.17,5.39,5.41,5.24,4.68,4.29,3.96,3.85,3.74,4.01,3.83
5.16,5.4,5.41,5.25,4.68,4.29,3.95,3.84,3.72,3.99,3.81
5.18,5.4,5.41,5.29,4.77,4.37,4.03,3.92,3.8,4.06,3.88
5.17,5.41,5.41,5.25,4.71,4.32,3.99,3.88,3.74,4.01,3.82
5.17,5.5,5.45,5.27,4.65,4.3,3.96,3.85,3.72,4.01,3.83
5.17,5.44,5.46,5.33,4.74,4.38,4.02,3.9,3.77,4.03,3.84
5.17,5.44,5.47,5.32,4.71,4.32,3.97,3.83,3.71,4.0,3.81
5.25,5.46,5.5,5.41,4.87,4.49,4.14,3.99,3.85,4.11,3.92
5.24,5.43,5.47,5.4,4.87,4.49,4.13,3.97,3.81,4.06,3.85
5.27,5.44,5.53,5.43,4.94,4.56,4.19,4.03,3.86,4.08,3.87
,,,,,,,,,,
5.28,5.44,5.52,5.4,4.94,4.59,4.25,4.11,3.95,4.17,3.95
5.32,5.46,5.54,5.44,4.99,4.68,4.37,4.22,4.05,4.23,4.01
5.32,5.46,5.53,5.41,4.94,4.64,4.35,4.23,4.06,4.27,4.05
5.34,5.48,5.54,5.38,4.85,4.54,4.25,4.14,4.01,4.24,4.05
5.35,5.49,5.55,5.44,4.88,4.52,4.24,4.13,3.99,4.22,4.03
5.36,5.47,5.53,5.35,4.72,4.36,4.07,3.97,3.86,4.14,3.96
5.37,5.47,5.49,5.27,4.59,4.21,3.93,3.85,3.76,4.07,3.9
5.37,5.49,5.52,5.34,4.74,4.35,4.04,3.94,3.83,4.11,3.93
5.37,5.49,5.52,5.33,4.74,4.34,4.02,3.91,3.81,4.1,3.94
5.37,5.49,5.51,5.32,4.74,4.35,4.0,3.9,3.8,4.08,3.91
5.37,5.49,5.51,5.32,4.74,4.34,3.98,3.87,3.75,4.01,3.84
5.44,5.49,5.52,5.35,4.8,4.43,4.08,3.98,3.85,4.1,3.91
5.43,5.5,5.53,5.35,4.82,4.44,4.09,3.97,3.84,4.1,3.91
5.44,5.51,5.55,5.38,4.81,4.48,4.13,4.0,3.86,4.11,3.92
5.46,5.51,5.57,5.38,4.85,4.53,4.15,4.05,3.91,4.14,3.95
5.46,5.51,5.55,5.37,4.82,4.47,4.09,3.99,3.86,4.12,3.94
5.47,5.51,5.56,5.4,4.91,4.58,4.24,4.13,4.01,4.26,4.06
5.47,5.52,5.54,5.37,4.87,4.52,4.18,4.08,3.96,4.22,4.03
5.48,5.55,5.53,5.37,4.88,4.51,4.18,4.08,3.97,4.22,4.02
5.49,5.54,5.54,5.38,4.92,4.57,4.24,4.15,4.05,4.3,4.11
5.48,5.53,5.52,5.36,4.88,4.54,4.24,4.17,4.08,4.35,4.17
5.54,5.54,5.52,5.37,4.9,4.58,4.3,4.26,4.2,4.49,4.32
5.54,5.54,5.5,5.33,4.78,4.45,4.15,4.1,4.05,4.36,4.21
5.54,5.56,5.53,5.3,4.76,4.44,4.16,4.13,4.09,4.42,4.27
5.54,5.57,5.53,5.35,4.74,4.36,4.1,4.06,4.02,4.35,4.2
5.51,5.55,5.54,5.35,4.79,4.41,4.12,4.07,4.0,4.33,4.18
5.55,5.54,5.52,5.33,4.82,4.47,4.21,4.17,4.09,4.41,4.24
5.54,5.54,5.52,5.36,4.89,4.56,4.31,4.26,4.16,4.45,4.27
5.55,5.56,5.56,5.37,4.96,4.64,4.36,4.29,4.19,4.46,4.29
5.53,5.56,5.55,5.36,4.92,4.64,4.36,4.31,4.21,4.49,4.32
5.52,5.56,5.54,5.37,4.97,4.68,4.42,4.37,4.28,4.55,4.38
5.55,5.56,5.53,5.36,4.94,4.67,4.42,4.38,4.3,4.58,4.41
5.53,5.55,5.52,5.35,4.92,4.63,4.38,4.34,4.26,4.55,4.38
5.55,5.57,5.58,5.37,4.97,4.7,4.46,4.42,4.34,4.64,4.45
5.54,5.57,5.57,5.39,5.02,4.75,4.49,4.44,4.34,4.61,4.42
5.54,5.57,5.55,5.35,4.95,4.64,4.36,4.3,4.19,4.46,4.27
5.55,5.58,5.59,5.39,4.98,4.69,4.39,4.34,4.23,4.49,4.3
5.56,5.61,5.61,5.44,5.03,4.72,4.44,4.37,4.25,4.5,4.3
5.56,5.58,5.56,5.44,4.98,4.69,4.38,4.32,4.2,4.48,4.29
5.54,5.56,5.52,5.37,4.87,4.56,4.26,4.21,4.12,4.42,4.23
5.55,5.56,5.51,5.39,4.9,4.57,4.27,4.22,4.12,4.42,4.23
5.52,5.56,5.48,5.37,4.85,4.54,4.23,4.19,4.09,4.39,4.2
5.51,5.53,5.47,5.36,4.87,4.57,4.29,4.27,4.18,4.48,4.29
,,,,,,,,,,
5.51,5.55,5.51,5.42,4.94,4.65,4.37,4.35,4.27,4.56,4.38
5.52,5.55,5.52,5.44,5.01,4.73,4.44,4.39,4.3,4.56,4.37
5.52,5.53,5.5,5.4,4.94,4.66,4.38,4.35,4.27,4.55,4.36
5.52,5.55,5.49,5.42,4.98,4.68,4.39,4.35,4.26,4.52,4.33
5.52,5.55,5.51,5.4,4.97,4.64,4.4,4.37,4.29,4.56,4.37
5.52,5.56,5.53,5.42,4.98,4.66,4.41,4.36,4.27,4.54,4.35
5.53,5.55,5.51,5.42,4.96,4.64,4.39,4.34,4.25,4.52,4.34
5.52,5.55,5.5,5.42,5.0,4.68,4.42,4.38,4.29,4.57,4.39
5.51,5.56,5.49,5.43,5.02,4.72,4.45,4.41,4.33,4.59,4.42
5.53,5.55,5.51,5.44,5.05,4.74,4.46,4.41,4.32,4.57,4.4
5.53,5.54,5.51,5.45,5.08,4.79,4.51,4.47,4.37,4.6,4.43
5.53,5.56,5.51,5.47,5.12,4.82,4.52,4.46,4.35,4.57,4.4
5.52,5.57,5.52,5.46,5.12,4.85,4.61,4.57,4.49,4.74,4.56
5.52,5.56,5.52,5.46,5.1,4.8,4.57,4.53,4.44,4.7,4.53
5.54,5.58,5.52,5.45,5.09,4.83,4.62,4.61,4.55,4.84,4.67
5.54,5.58,5.53,5.45,5.04,4.84,4.62,4.62,4.56,4.86,4.7
5.54,5.58,5.53,5.49,5.1,4.89,4.67,4.69,4.61,4.91,4.73
5.56,5.56,5.53,5.46,5.04,4.83,4.62,4.63,4.59,4.9,4.71
5.55,5.55,5.53,5.46,5.03,4.8,4.6,4.61,4.59,4.92,4.73
5.56,5.62,5.58,5.49,5.12,4.88,4.72,4.73,4.69,5.0,4.81
5.55,5.62,5.58,5.49,5.15,4.95,4.8,4.84,4.81,5.13,4.95
5.56,5.61,5.57,5.42,5.05,4.85,4.72,4.75,4.73,5.05,4.87
5.57,5.61,5.56,5.39,5.03,4.82,4.68,4.73,4.72,5.06,4.89
5.59,5.63,5.59,5.43,5.08,4.87,4.75,4.79,4.78,5.13,4.95
,,,,,,,,,,
5.6,5.61,5.57,5.37,4.96,4.74,4.62,4.66,4.66,5.03,4.85
5.58,5.61,5.56,5.38,4.99,4.73,4.59,4.61,4.58,4.92,4.73
5.61,5.63,5.58,5.43,5.06,4.82,4.69,4.73,4.7,5.05,4.86
5.6,5.62,5.57,5.41,5.04,4.8,4.65,4.66,4.63,4.97,4.78
5.57,5.61,5.58,5.42,5.09,4.87,4.72,4.74,4.71,5.06,4.87
5.58,5.62,5.6,5.48,5.19,5.01,4.86,4.88,4.83,5.14,4.94
5.57,5.61,5.58,5.47,5.19,5.03,4.92,4.95,4.91,5.2,5.0
5.58,5.6,5.56,5.44,5.14,5.01,4.95,5.0,4.98,5.3,5.11
5.56,5.58,5.54,5.41,5.07,4.93,4.86,4.93,4.93,5.27,5.09
5.57,5.58,5.56,5.42,5.05,4.89,4.81,4.87,4.86,5.19,5.01
5.57,5.58,5.57,5.41,5.02,4.91,4.82,4.86,4.83,5.15,4.96
5.56,5.59,5.57,5.43,5.08,4.98,4.89,4.98,4.95,5.27,5.09
5.57,5.59,5.55,5.39,5.02,4.89,4.79,4.86,4.86,5.19,5.01
5.57,5.59,5.55,5.39,4.99,4.84,4.76,4.83,4.84,5.19,5.03
5.56,5.6,5.53,5.41,5.03,4.87,4.8,4.88,4.88,5.21,5.04
5.56,5.59,5.54,5.44,5.07,4.9,4.82,4.89,4.88,5.21,5.04
5.56,5.57,5.51,5.37,4.95,4.76,4.67,4.75,4.77,5.13,4.96
5.52,5.54,5.5,5.38,4.98,4.78,4.65,4.68,4.67,4.99,4.82
5.53,5.53,5.45,5.29,4.83,4.62,4.49,4.55,4.57,4.93,4.77
5.53,5.56,5.47,5.33,4.93,4.72,4.6,4.66,4.67,5.0,4.84
5.53,5.55,5.47,5.33,4.91,4.64,4.53,4.58,4.58,4.91,4.75
5.52,5.54,5.46,5.34,4.93,4.65,4.51,4.54,4.49,4.82,4.64
5.53,5.54,5.46,5.39,5.03,4.77,4.65,4.68,4.62,4.97,4.77
5.53,5.53,5.46,5.38,5.04,4.8,4.65,4.68,4.61,4.93,4.73
5.53,5.55,5.48,5.37,5.02,4.8,4.66,4.69,4.63,4.95,4.75
5.52,5.52,5.41,5.24,4.8,4.56,4.42,4.45,4.44,4.8,4.61
5.52,5.53,5.41,5.27,4.9,4.68,4.52,4.56,4.53,4.87,4.68
5.53,5.51,5.38,5.23,4.83,4.59,4.43,4.47,4.45,4.82,4.63
5.52,5.5,5.39,5.24,4.88,4.64,4.45,4.47,4.44,4.8,4.59
5.53,5.54,5.43,5.25,4.89,4.62,4.44,4.46,4.42,4.74,4.57
5.52,5.53,5.42,5.24,4.86,4.6,4.41,4.44,4.41,4.75,4.57
5.54,5.54,5.42,5.26,4.89,4.62,4.44,4.46,4.42,4.73,4.55
,,,,,,,,,,
5.55,5.54,5.45,5.27,4.92,4.67,4.49,4.51,4.47,4.79,4.6
5.54,5.49,5.45,5.24,4.84,4.6,4.38,4.43,4.39,4.72,4.53
5.53,5.47,5.42,5.21,4.73,4.49,4.29,4.36,4.34,4.7,4.52
5.53,5.45,5.38,5.12,4.64,4.4,4.22,4.28,4.27,4.62,4.44
5.56,5.45,5.38,5.16,4.73,4.48,4.31,4.38,4.37,4.72,4.54
5.55,5.43,5.33,5.05,4.56,4.31,4.14,4.22,4.22,4.58,4.4
5.55,5.46,5.41,5.1,4.64,4.4,4.23,4.3,4.28,4.61,4.43
5.54,5.45,5.37,5.06,4.57,4.33,4.14,4.2,4.18,4.48,4.3
5.54,5.45,5.38,5.07,4.6,4.33,4.12,4.16,4.12,4.4,4.22
5.53,5.44,5.36,5.05,4.58,4.31,4.11,4.16,4.14,4.42,4.25
5.54,5.44,5.39,5.13,4.71,4.45,4.24,4.28,4.23,4.49,4.31
5.55,5.47,5.4,5.14,4.71,4.42,4.25,4.27,4.23,4.51,4.32
5.53,5.46,5.41,5.14,4.73,4.42,4.23,4.24,4.2,4.48,4.3
5.52,5.44,5.33,4.94,4.46,4.18,4.0,4.04,4.04,4.36,4.19
5.54,5.43,5.31,4.9,4.37,4.09,3.9,3.93,3.92,4.21,4.03
5.54,5.44,5.33,4.95,4.44,4.13,3.91,3.94,3.91,4.19,4.0
5.52,5.46,5.36,4.95,4.43,4.15,3.94,3.97,3.95,4.23,4.05
5.51,5.43,5.35,4.93,4.41,4.15,3.94,3.96,3.93,4.23,4.03
5.5,5.44,5.33,4.88,4.34,4.06,3.86,3.88,3.86,4.17,3.98
5.54,5.42,5.31,4.84,4.33,4.06,3.87,3.91,3.89,4.19,4.03
5.54,5.44,5.31,4.82,4.31,4.04,3.87,3.92,3.9,4.21,4.05
,,,,,,,,,,
5.53,5.45,5.28,4.83,4.26,4.05,3.89,3.91,3.89,4.2,4.04
5.55,5.44,5.26,4.79,4.2,3.97,3.78,3.81,3.79,4.1,3.95
5.57,5.45,5.28,4.82,4.26,4.02,3.83,3.84,3.84,4.14,3.98
5.6,5.4,5.26,4.79,4.23,4.01,3.84,3.88,3.88,4.2,4.03
,,,,,,,,,,
5.55,5.46,5.24,4.8,4.33,4.09,3.93,3.95,3.95,4.25,4.08
5.54,5.48,5.25,4.81,4.33,4.07,3.9,3.92,3.91,4.21,4.05
5.56,5.48,5.25,4.85,4.38,4.14,3.97,3.99,3.99,4.3,4.13
5.54,5.47,5.24,4.84,4.4,4.17,4.02,4.04,4.05,4.37,4.21
5.54,5.49,5.24,4.82,4.36,4.11,3.97,3.99,4.01,4.33,4.17
5.53,5.47,5.24,4.82,4.36,4.09,3.97,4.0,4.02,4.33,4.18
5.53,5.46,5.23,4.82,4.37,4.1,3.99,4.01,4.04,4.35,4.2
5.54,5.46,5.22,4.75,4.26,4.02,3.9,3.95,3.98,4.32,4.18
5.55,5.45,5.16,4.65,4.14,3.92,3.84,3.91,3.96,4.32,4.2
,,,,,,,,,,
5.54,5.45,5.18,4.7,4.22,4.02,3.95,4.01,4.07,4.43,4.3
5.54,5.47,5.2,4.8,4.34,4.12,4.02,4.07,4.1,4.42,4.31
5.53,5.45,5.2,4.8,4.34,4.13,4.04,4.1,4.14,4.48,4.37
5.54,5.45,5.21,4.84,4.39,4.18,4.08,4.12,4.15,4.47,4.36
5.53,5.46,5.22,4.83,4.37,4.14,4.03,4.07,4.11,4.44,4.32
5.53,5.45,5.21,4.81,4.31,4.16,4.06,4.11,4.14,4.48,4.38
5.52,5.44,5.22,4.83,4.34,4.19,4.06,4.14,4.18,4.52,4.41
5.54,5.44,5.19,4.76,4.28,4.12,4.01,4.07,4.14,4.49,4.38
5.54,5.44,5.19,4.78,4.34,4.15,4.04,4.1,4.15,4.49,4.38
5.53,5.42,5.19,4.76,4.29,4.1,3.97,4.02,4.08,4.42,4.31
5.53,5.42,5.19,4.8,4.36,4.14,4.0,4.03,4.06,4.4,4.28
5.53,5.42,5.18,4.73,4.27,4.05,3.91,3.95,3.99,4.34,4.22
5.49,5.42,5.15,4.68,4.2,3.96,3.8,3.83,3.87,4.21,4.1
5.49,5.43,5.22,4.81,4.36,4.14,3.99,4.02,4.03,4.33,4.22
5.49,5.42,5.25,4.87,4.46,4.27,4.13,4.16,4.17,4.46,4.35
5.48,5.44,5.23,4.82,4.39,4.14,4.03,4.07,4.09,4.39,4.29
5.47,5.43,5.23,4.83,4.41,4.16,4.06,4.09,4.09,4.41,4.31
5.49,5.44,5.24,4.83,4.46,4.22,4.12,4.15,4.15,4.47,4.36
5.49,5.44,5.26,4.86,4.48,4.25,4.14,4.17,4.17,4.48,4.37
5.49,5.43,5.27,4.87,4.46,4.25,4.13,4.16,4.17,4.48,4.37
5.48,5.45,5.32,4.99,4.64,4.44,4.31,4.33,4.31,4.59,4.46
5.48,5.43,5.31,4.94,4.56,4.38,4.25,4.27,4.27,4.57,4.45
5.49,5.43,5.3,4.93,4.56,4.36,4.22,4.25,4.24,4.54,4.42
5.48,5.44,5.31,4.98,4.64,4.43,4.29,4.31,4.3,4.58,4.45
,,,,,,,,,,
5.49,5.44,5.32,4.97,4.59,4.38,4.25,4.28,4.27,4.56,4.44
5.5,5.44,5.32,4.98,4.64,4.43,4.3,4.33,4.32,4.59,4.49
5.49,5.45,5.32,5.02,4.69,4.49,4.33,4.35,4.33,4.58,4.47
5.49,5.46,5.32,5.0,4.67,4.45,4.28,4.28,4.26,4.51,4.37
5.5,5.47,5.34,5.03,4.69,4.48,4.29,4.32,4.28,4.53,4.4
5.5,5.45,5.33,5.03,4.7,4.5,4.32,4.34,4.31,4.57,4.44
5.5,5.45,5.31,5.0,4.64,4.44,4.26,4.28,4.27,4.53,4.4
5.53,5.45,5.3,5.01,4.64,4.43,4.26,4.28,4.25,4.51,4.38
5.54,5.42,5.27,4.94,4.54,4.32,4.17,4.2,4.19,4.46,4.33
5.51,5.48,5.37,4.98,4.61,4.39,4.21,4.23,4.22,4.48,4.36
5.5,5.47,5.35,4.94,4.54,4.32,4.13,4.15,4.13,4.39,4.27
5.5,5.47,5.35,4.95,4.55,4.32,4.12,4.12,4.11,4.36,4.24
5.51,5.47,5.34,4.93,4.5,4.28,4.07,4.09,4.09,4.35,4.25
5.51,5.46,5.34,4.92,4.48,4.25,4.06,4.08,4.09,4.36,4.26
5.5,5.48,5.35,4.95,4.51,4.26,4.08,4.09,4.1,4.36,4.26
5.52,5.48,5.37,5.0,4.58,4.33,4.15,4.16,4.16,4.42,4.31
5.52,5.48,5.37,5.01,4.61,4.37,4.19,4.2,4.19,4.45,4.35
5.52,5.48,5.38,5.04,4.68,4.46,4.29,4.3,4.29,4.54,4.44
5.52,5.48,5.38,5.05,4.72,4.51,4.33,4.33,4.31,4.55,4.43
5.52,5.48,5.39,5.06,4.73,4.52,4.36,4.35,4.34,4.57,4.46
5.52,5.48,5.39,5.06,4.68,4.47,4.31,4.31,4.3,4.54,4.44
5.5,5.47,5.36,5.01,4.59,4.41,4.25,4.28,4.27,4.53,4.45
5.51,5.48,5.36,5.01,4.62,4.42,4.26,4.28,4.27,4.53,4.44
5.51,5.46,5.34,4.98,4.59,4.36,4.2,4.22,4.22,4.47,4.39
5.51,5.46,5.36,5.0,4.54,4.39,4.23,4.25,4.25,4.51,4.42
5.5,5.46,5.36,5.0,4.56,4.38,4.22,4.23,4.24,4.49,4.4
5.5,5.45,5.36,4.99,4.54,4.36,4.18,4.18,4.2,4.45,4.36
5.49,5.46,5.38,5.03,4.59,4.4,4.21,4.2,4.2,4.45,4.34
,,,,,,,,,,
5.49,5.44,5.36,5.06,4.72,4.51,4.34,4.33,4.33,4.58,4.47
5.49,5.42,5.34,5.05,4.7,4.51,4.35,4.37,4.36,4.61,4.51
5.47,5.42,5.33,5.03,4.68,4.48,4.34,4.36,4.36,4.61,4.51
5.47,5.41,5.32,5.0,4.65,4.46,4.3,4.31,4.31,4.57,4.47
5.47,5.43,5.34,5.05,4.73,4.54,4.38,4.39,4.39,4.65,4.54
5.48,5.43,5.35,5.07,4.78,4.6,4.43,4.43,4.42,4.65,4.55
5.48,5.43,5.34,5.03,4.74,4.52,4.37,4.38,4.36,4.6,4.5
5.49,5.45,5.4,5.19,4.97,4.77,4.61,4.59,4.55,4.76,4.64
5.48,5.45,5.38,5.17,4.93,4.77,4.61,4.6,4.56,4.77,4.65
5.48,5.45,5.36,5.13,4.88,4.7,4.54,4.53,4.5,4.73,4.61
5.49,5.45,5.38,5.16,4.93,4.78,4.65,4.65,4.63,4.85,4.74
5.49,5.45,5.39,5.18,4.97,4.83,4.69,4.69,4.67,4.88,4.77
5.49,5.45,5.38,5.16,4.93,4.77,4.62,4.61,4.59,4.81,4.71
5.49,5.46,5.39,5.18,4.98,4.83,4.68,4.67,4.64,4.85,4.74
5.49,5.45,5.39,5.17,4.97,4.81,4.66,4.65,4.62,4.83,4.72
5.49,5.42,5.39,5.16,4.97,4.81,4.66,4.65,4.62,4.84,4.72
5.49,5.45,5.39,5.14,4.86,4.76,4.63,4.62,4.61,4.84,4.73
5.49,5.46,5.4,5.17,4.89,4.78,4.64,4.66,4.65,4.88,4.78
5.48,5.47,5.41,5.21,4.96,4.85,4.7,4.71,4.7,4.93,4.82
5.48,5.46,5.4,5.21,4.96,4.84,4.68,4.68,4.67,4.89,4.78
5.48,5.45,5.43,5.2,4.97,4.8,4.65,4.64,4.63,4.86,4.75
5.48,5.46,5.44,5.25,5.04,4.87,4.72,4.71,4.69,4.9,4.79
5.47,5.46,5.43,5.21,4.96,4.79,4.64,4.64,4.63,4.85,4.74
5.51,5.46,5.42,5.16,4.87,4.71,4.57,4.57,4.58,4.82,4.72
5.51,5.45,5.41,5.12,4.81,4.63,4.48,4.49,4.5,4.75,4.66
5.51,5.45,5.42,5.12,4.82,4.64,4.48,4.48,4.49,4.73,4.64
5.51,5.45,5.41,5.13,4.82,4.6,4.48,4.47,4.47,4.7,4.61
5.51,5.45,5.41,5.13,4.84,4.63,4.5,4.49,4.48,4.73,4.64
5.51,5.46,5.41,5.12,4.8,4.6,4.47,4.46,4.45,4.7,4.6
5.51,5.47,5.43,5.17,4.87,4.65,4.52,4.51,4.5,4.74,4.64
5.5,5.45,5.43,5.16,4.85,4.66,4.5,4.49,4.48,4.72,4.63
5.5,5.44,5.43,5.16,4.81,4.62,4.46,4.45,4.45,4.69,4.59
5.49,5.45,5.4,5.1,4.73,4.51,4.35,4.35,4.36,4.61,4.52
5.51,5.45,5.41,5.13,4.78,4.58,4.4,4.39,4.38,4.62,4.52
5.5,5.46,5.41,5.14,4.83,4.6,4.44,4.43,4.42,4.66,4.56
5.5,5.45,5.43,5.15,4.82,4.62,4.46,4.44,4.44,4.68,4.58
5.5,5.45,5.42,5.14,4.82,4.61,4.43,4.42,4.41,4.65,4.55
5.49,5.45,5.43,5.16,4.86,4.64,4.47,4.44,4.43,4.63,4.55
5.51,5.46,5.44,5.2,4.91,4.71,4.52,4.5,4.47,4.67,4.58
5.56,5.46,5.44,5.21,4.93,4.71,4.53,4.49,4.46,4.65,4.57
,,,,,,,,,,
5.5,5.46,5.43,5.21,4.94,4.75,4.56,4.56,4.54,4.74,4.66
5.5,5.46,5.43,5.22,4.96,4.79,4.63,4.63,4.61,4.82,4.74
5.48,5.46,5.42,5.19,4.92,4.74,4.57,4.57,4.55,4.76,4.69
5.48,5.46,5.42,5.18,4.89,4.69,4.52,4.52,4.51,4.73,4.65
5.49,5.52,5.39,5.14,4.82,4.62,4.42,4.41,4.41,4.63,4.55
5.48,5.52,5.38,5.11,4.77,4.55,4.35,4.33,4.33,4.56,4.48
5.48,5.51,5.37,5.08,4.72,4.5,4.31,4.29,4.29,4.52,4.44
5.48,5.51,5.36,5.08,4.72,4.49,4.29,4.28,4.28,4.51,4.43
5.47,5.52,5.4,5.17,4.87,4.65,4.46,4.45,4.43,4.64,4.55
5.47,5.52,5.4,5.16,4.87,4.62,4.48,4.47,4.47,4.68,4.59
5.46,5.52,5.39,5.17,4.81,4.57,4.41,4.4,4.39,4.62,4.53
5.47,5.51,5.38,5.13,4.75,4.48,4.32,4.31,4.31,4.56,4.47
5.47,5.51,5.36,5.07,4.68,4.42,4.24,4.23,4.24,4.5,4.4
5.47,5.51,5.36,5.07,4.67,4.41,4.22,4.2,4.2,4.46,4.34
5.45,5.52,5.39,5.11,4.75,4.5,4.3,4.28,4.28,4.52,4.4
5.4,5.5,5.37,5.09,4.69,4.43,4.24,4.22,4.22,4.47,4.36
,,,,,,,,,,
5.42,5.5,5.37,5.1,4.7,4.45,4.26,4.25,4.25,4.49,4.39
5.42,5.49,5.36,5.1,4.7,4.45,4.26,4.25,4.25,4.49,4.39
5.42,5.5,5.37,5.1,4.71,4.46,4.27,4.25,4.25,4.48,4.38
5.43,5.49,5.37,5.1,4.65,4.45,4.25,4.23,4.23,4.46,4.36
5.44,5.5,5.36,5.13,4.71,4.53,4.32,4.32,4.32,4.55,4.45
5.48,5.49,5.35,5.1,4.7,4.49,4.29,4.27,4.29,4.53,4.43
5.47,5.48,5.33,5.09,4.71,4.52,4.33,4.33,4.36,4.61,4.51
5.48,5.47,5.37,5.1,4.77,4.58,4.44,4.45,4.48,4.76,4.64
5.48,5.47,5.36,5.07,4.74,4.54,4.39,4.4,4.43,4.71,4.6
5.49,5.47,5.36,5.04,4.71,4.48,4.33,4.33,4.36,4.64,4.53
,,,,,,,,,,
5.48,5.46,5.34,4.98,4.6,4.39,4.22,4.23,4.28,4.57,4.47
5.48,5.46,5.33,4.99,4.62,4.4,4.23,4.23,4.28,4.57,4.46
5.45,5.46,5.34,5.02,4.62,4.37,4.24,4.25,4.3,4.59,4.49
5.46,5.46,5.33,5.01,4.62,4.38,4.24,4.24,4.28,4.58,4.47
5.48,5.44,5.25,4.91,4.5,4.26,4.13,4.15,4.2,4.51,4.41
5.47,5.43,5.23,4.87,4.45,4.22,4.1,4.13,4.18,4.5,4.39
5.48,5.43,5.23,4.85,4.44,4.23,4.13,4.16,4.23,4.56,4.46
5.48,5.43,5.23,4.85,4.43,4.21,4.09,4.11,4.17,4.48,4.38
5.47,5.43,5.23,4.85,4.42,4.19,4.07,4.09,4.16,4.46,4.37
5.48,5.43,5.23,4.86,4.46,4.24,4.11,4.14,4.2,4.51,4.41
5.48,5.43,5.24,4.87,4.49,4.28,4.16,4.18,4.25,4.55,4.45
5.49,5.43,5.24,4.88,4.5,4.29,4.17,4.2,4.26,4.57,4.48
5.49,5.41,5.22,4.85,4.4,4.26,4.15,4.18,4.25,4.56,4.48
5.5,5.4,5.19,4.82,4.37,4.24,4.12,4.2,4.28,4.62,4.54
5.49,5.39,5.19,4.83,4.41,4.26,4.13,4.18,4.27,4.59,4.5
5.49,5.38,5.18,4.79,4.36,4.2,4.06,4.1,4.2,4.53,4.45
5.5,5.41,5.18,4.79,4.36,4.19,4.05,4.08,4.17,4.51,4.42
5.5,5.4,5.16,4.78,4.35,4.16,4.03,4.06,4.15,4.5,4.4
5.49,5.41,5.14,4.73,4.29,4.1,3.97,4.0,4.09,4.44,4.35
5.55,5.37,5.08,4.62,4.16,3.96,3.84,3.89,3.99,4.35,4.27
5.54,5.29,4.88,4.33,3.88,3.7,3.62,3.68,3.8,4.19,4.11
5.52,5.35,4.91,4.34,3.89,3.71,3.62,3.66,3.78,4.16,4.06
5.5,5.34,5.0,4.46,3.99,3.76,3.73,3.79,3.9,4.28,4.18
5.5,5.34,4.99,4.45,4.0,3.81,3.79,3.85,3.96,4.35,4.26
5.55,5.34,5.01,4.48,4.04,3.86,3.83,3.89,3.99,4.38,4.28
5.54,5.33,5.02,4.5,4.05,3.86,3.8,3.85,3.94,4.33,4.23
5.53,5.33,5.02,4.47,4.01,3.82,3.75,3.8,3.9,4.3,4.19
5.48,5.32,4.97,4.4,3.93,3.75,3.68,3.74,3.85,4.25,4.16
5.49,5.32,5.0,4.42,3.94,3.76,3.67,3.72,3.83,4.22,4.12
5.53,5.34,5.04,4.52,4.08,3.9,3.79,3.83,3.92,4.28,4.18
5.53,5.33,5.02,4.49,4.06,3.87,3.77,3.81,3.89,4.26,4.15
5.51,5.31,5.0,4.48,4.06,3.86,3.75,3.78,3.86,4.23,4.11
5.48,5.29,4.97,4.43,3.99,3.8,3.7,3.73,3.82,4.19,4.07
5.45,5.26,4.92,4.36,3.92,3.74,3.64,3.69,3.79,4.15,4.06
5.51,5.28,4.96,4.43,3.99,3.82,3.72,3.77,3.86,4.21,4.13
5.51,5.25,4.92,4.36,3.9,3.73,3.65,3.71,3.81,4.18,4.1
5.49,5.24,4.91,4.38,3.91,3.74,3.66,3.72,3.82,4.19,4.11
5.49,5.23,4.89,4.34,3.83,3.72,3.66,3.73,3.83,4.21,4.13
5.47,5.21,4.87,4.36,3.83,3.72,3.63,3.74,3.84,4.22,4.13
5.4,5.22,4.89,4.38,3.87,3.76,3.66,3.76,3.87,4.24,4.15
5.41,5.21,4.89,4.38,3.91,3.79,3.71,3.8,3.91,4.28,4.2
,,,,,,,,,,
5.38,5.19,4.8,4.35,3.88,3.73,3.65,3.73,3.84,4.21,4.13
5.33,5.18,4.74,4.23,3.76,3.63,3.56,3.65,3.77,4.14,4.06
5.3,5.15,4.73,4.21,3.75,3.61,3.54,3.63,3.73,4.11,4.02
5.28,5.13,4.69,4.1,3.66,3.54,3.5,3.6,3.72,4.1,4.03
5.25,5.11,4.68,4.12,3.68,3.54,3.49,3.58,3.7,4.08,4.0
5.18,5.06,4.65,4.07,3.59,3.42,3.43,3.53,3.65,4.04,3.97
5.21,5.1,4.72,4.12,3.62,3.45,3.45,3.54,3.65,4.03,3.96
5.18,5.06,4.68,4.09,3.64,3.47,3.47,3.57,3.68,4.07,4.0
5.15,4.97,4.6,4.0,3.57,3.42,3.43,3.53,3.66,4.05,3.98
5.11,4.96,4.55,3.96,3.56,3.42,3.41,3.51,3.63,4.01,3.94
5.05,4.95,4.55,3.99,3.59,3.45,3.44,3.53,3.65,4.02,3.96
4.91,4.84,4.5,3.95,3.61,3.49,3.47,3.58,3.7,4.08,4.03
4.89,4.8,4.46,3.93,3.59,3.47,3.49,3.6,3.73,4.11,4.06
4.87,4.75,4.43,3.92,3.55,3.46,3.48,3.59,3.73,4.1,4.07
4.85,4.72,4.4,3.91,3.57,3.47,3.51,3.62,3.75,4.12,4.09
4.78,4.69,4.36,3.88,3.49,3.44,3.47,3.6,3.74,4.13,4.09
4.79,4.69,4.36,3.89,3.53,3.49,3.52,3.65,3.79,4.18,4.14
4.9,4.68,4.38,3.96,3.6,3.54,3.55,3.65,3.79,4.17,4.12
4.9,4.68,4.35,3.9,3.55,3.49,3.5,3.6,3.75,4.15,4.1
4.93,4.73,4.38,3.98,3.66,3.58,3.58,3.67,3.81,4.19,4.14
4.96,4.71,4.36,3.96,3.61,3.52,3.51,3.6,3.74,4.14,4.08
4.92,4.69,4.36,3.97,3.63,3.54,3.55,3.65,3.79,4.19,4.14
4.99,4.68,4.37,4.02,3.7,3.62,3.62,3.71,3.85,4.24,4.18
5.01,4.73,4.45,4.2,3.93,3.84,3.81,3.88,3.98,4.33,4.26
5.0,4.77,4.45,4.24,3.99,3.89,3.86,3.92,4.03,4.37,4.3
4.96,4.75,4.44,4.21,3.98,3.86,3.86,3.94,4.04,4.38,4.32
4.93,4.75,4.46,4.24,3.99,3.89,3.91,3.97,4.06,4.41,4.34
4.98,4.75,4.45,4.22,3.98,3.88,3.91,3.99,4.09,4.44,4.38
4.97,4.73,4.44,4.18,3.95,3.85,3.88,3.97,4.08,4.44,4.39
,,,,,,,,,,
4.93,4.73,4.42,4.18,3.95,3.86,3.86,3.93,4.03,4.37,4.32
4.91,4.72,4.42,4.17,3.93,3.84,3.84,3.92,4.02,4.36,4.3
4.93,4.74,4.45,4.21,3.96,3.89,3.9,3.99,4.09,4.44,4.39
4.92,4.73,4.45,4.19,3.95,3.86,3.88,3.97,4.08,4.44,4.38
4.92,4.73,4.47,4.24,4.02,3.95,3.98,4.07,4.19,4.54,4.49
4.89,4.72,4.47,4.24,4.03,3.98,4.0,4.1,4.2,4.55,4.49
4.88,4.73,4.48,4.27,4.07,4.03,4.05,4.14,4.24,4.58,4.51
4.87,4.7,4.48,4.25,4.07,4.02,4.03,4.12,4.21,4.54,4.47
4.89,4.73,4.51,4.29,4.11,4.05,4.07,4.15,4.25,4.58,4.51
4.88,4.7,4.46,4.28,4.12,4.09,4.11,4.19,4.28,4.61,4.53
4.88,4.7,4.45,4.29,4.11,4.08,4.11,4.18,4.28,4.61,4.52
4.87,4.67,4.44,4.28,4.15,4.14,4.14,4.2,4.29,4.6,4.49
4.76,4.64,4.43,4.27,4.16,4.12,4.15,4.21,4.28,4.58,4.47
4.75,4.61,4.42,4.28,4.21,4.18,4.22,4.3,4.37,4.68,4.57
4.75,4.65,4.39,4.25,4.17,4.1,4.17,4.24,4.31,4.6,4.5
4.72,4.64,4.39,4.27,4.19,4.11,4.16,4.22,4.26,4.55,4.44
4.68,4.64,4.41,4.31,4.27,4.2,4.27,4.37,4.42,4.71,4.6
4.69,4.63,4.4,4.28,4.21,4.13,4.17,4.25,4.31,4.62,4.52
4.7,4.63,4.42,4.32,4.26,4.18,4.2,4.25,4.3,4.58,4.47
,,,,,,,,,,
4.7,4.63,4.45,4.38,4.34,4.29,4.32,4.38,4.43,4.7,4.58
4.69,4.6,4.4,4.31,4.27,4.25,4.3,4.38,4.44,4.73,4.63
4.7,4.61,4.43,4.36,4.34,4.3,4.32,4.38,4.43,4.69,4.58
4.7,4.6,4.44,4.34,4.31,4.27,4.3,4.36,4.43,4.7,4.6
4.7,4.63,4.44,4.33,4.29,4.25,4.28,4.35,4.42,4.7,4.61
4.67,4.62,4.44,4.34,4.27,4.24,4.25,4.32,4.39,4.66,4.57
4.68,4.62,4.44,4.37,4.31,4.26,4.28,4.34,4.41,4.66,4.59
4.72,4.63,4.45,4.39,4.34,4.3,4.3,4.36,4.43,4.68,4.61
4.72,4.63,4.46,4.42,4.37,4.32,4.3,4.35,4.41,4.67,4.6
4.74,4.62,4.46,4.37,4.21,4.21,4.17,4.21,4.27,4.53,4.45
4.74,4.61,4.45,4.37,4.21,4.21,4.17,4.24,4.3,4.56,4.48
4.76,4.6,4.43,4.34,4.19,4.17,4.11,4.17,4.25,4.52,4.44
,,,,,,,,,,
4.76,4.58,4.42,4.3,4.13,4.1,4.05,4.1,4.18,4.45,4.36
4.75,4.51,4.43,4.3,4.17,4.11,4.08,4.13,4.19,4.46,4.36
4.66,4.49,4.4,4.27,4.17,4.13,4.11,4.17,4.23,4.5,4.4
4.65,4.47,4.38,4.23,4.13,4.09,4.07,4.13,4.19,4.45,4.35
4.59,4.46,4.38,4.23,4.15,4.1,4.07,4.12,4.17,4.43,4.33
4.57,4.42,4.34,4.19,4.1,4.05,4.03,4.09,4.15,4.42,4.34
4.56,4.42,4.34,4.2,4.13,4.09,4.07,4.13,4.2,4.47,4.39
4.53,4.41,4.35,4.22,4.15,4.08,4.09,4.15,4.22,4.49,4.41
4.49,4.38,4.32,4.21,4.15,4.09,4.13,4.2,4.26,4.55,4.48
4.43,4.35,4.31,4.22,4.18,4.14,4.18,4.25,4.32,4.62,4.55
4.43,4.34,4.32,4.24,4.25,4.21,4.25,4.33,4.4,4.69,4.61
4.43,4.37,4.3,4.24,4.25,4.22,4.25,4.32,4.39,4.68,4.6
4.46,4.38,4.3,4.25,4.25,4.22,4.26,4.33,4.4,4.68,4.59
4.44,4.36,4.3,4.3,4.35,4.35,4.4,4.45,4.5,4.74,4.65
4.42,4.35,4.29,4.28,4.32,4.35,4.43,4.51,4.57,4.82,4.74
4.43,4.34,4.29,4.27,4.3,4.32,4.37,4.45,4.52,4.79,4.72
4.44,4.36,4.3,4.26,4.3,4.36,4.44,4.52,4.59,4.85,4.78
4.44,4.4,4.3,4.24,4.29,4.36,4.43,4.52,4.59,4.84,4.76
,,,,,,,,,,
4.45,4.35,4.31,4.23,4.3,4.35,4.42,4.49,4.58,4.83,4.76
4.44,4.31,4.29,4.2,4.31,4.36,4.45,4.53,4.62,4.89,4.82
4.43,4.37,4.25,4.17,4.24,4.29,4.37,4.46,4.55,4.84,4.77
4.4,4.37,4.24,4.16,4.25,4.27,4.38,4.48,4.58,4.86,4.78
,,,,,,,,,,
4.45,4.36,4.25,4.17,4.25,4.29,4.38,4.47,4.57,4.86,4.79
4.44,4.34,4.25,4.18,4.28,4.32,4.41,4.51,4.6,4.88,4.82
4.43,4.35,4.24,4.17,4.28,4.3,4.42,4.52,4.62,4.91,4.85
4.42,4.35,4.24,4.19,4.3,4.33,4.46,4.57,4.67,4.97,4.91
4.41,4.35,4.25,4.19,4.28,4.31,4.45,4.56,4.67,4.97,4.91
4.44,4.35,4.24,4.16,4.27,4.31,4.46,4.57,4.68,4.98,4.92
4.42,4.36,4.27,4.25,4.4,4.46,4.59,4.7,4.77,5.04,4.96
4.42,4.37,4.3,4.24,4.4,4.49,4.61,4.71,4.79,5.05,4.97
4.42,4.36,4.29,4.22,4.37,4.46,4.59,4.7,4.78,5.06,4.98
4.4,4.35,4.26,4.19,4.27,4.34,4.45,4.55,4.66,4.95,4.88
4.43,4.34,4.26,4.18,4.23,4.29,4.39,4.5,4.61,4.91,4.84
4.43,4.34,4.28,4.21,4.27,4.33,4.42,4.52,4.61,4.91,4.84
,,,,,,,,,,
4.42,4.36,4.28,4.21,4.29,4.33,4.4,4.49,4.57,4.87,4.8
4.42,4.36,4.28,4.2,4.29,4.34,4.43,4.51,4.6,4.89,4.82
4.45,4.36,4.27,4.18,4.29,4.35,4.45,4.55,4.65,4.92,4.87
4.45,4.35,4.25,4.17,4.27,4.33,4.43,4.53,4.63,4.91,4.85
4.44,4.32,4.25,4.13,4.17,4.24,4.32,4.43,4.53,4.82,4.76
4.44,4.31,4.26,4.14,4.19,4.25,4.33,4.43,4.55,4.84,4.78
4.43,4.31,4.27,4.17,4.21,4.27,4.35,4.44,4.55,4.85,4.79
4.37,4.3,4.27,4.16,4.18,4.24,4.31,4.41,4.52,4.81,4.76
4.37,4.31,4.28,4.17,4.22,4.27,4.36,4.47,4.58,4.88,4.83
4.37,4.34,4.28,4.2,4.26,4.28,4.35,4.45,4.54,4.82,4.77
4.36,4.33,4.27,4.18,4.21,4.25,4.31,4.42,4.52,4.81,4.75
4.35,4.33,4.27,4.17,4.17,4.19,4.24,4.33,4.43,4.69,4.64
4.37,4.34,4.28,4.19,4.21,4.23,4.28,4.36,4.45,4.7,4.65
4.37,4.35,4.3,4.25,4.29,4.31,4.34,4.42,4.49,4.75,4.69
4.38,4.35,4.31,4.24,4.28,4.3,4.34,4.42,4.51,4.76,4.71
4.38,4.35,4.31,4.25,4.29,4.28,4.37,4.45,4.54,4.8,4.75
4.38,4.35,4.33,4.3,4.36,4.37,4.48,4.56,4.62,4.9,4.83
4.37,4.34,4.33,4.27,4.31,4.31,4.39,4.46,4.52,4.79,4.72
4.37,4.34,4.32,4.23,4.26,4.26,4.33,4.41,4.47,4.75,4.69
,,,,,,,,,,
4.38,4.34,4.34,4.24,4.29,4.33,4.4,4.48,4.55,4.83,4.77
4.38,4.34,4.34,4.22,4.28,4.3,4.37,4.46,4.53,4.79,4.76
4.37,4.33,4.33,4.2,4.28,4.27,4.34,4.43,4.5,4.77,4.74
4.36,4.32,4.3,4.15,4.19,4.19,4.26,4.35,4.42,4.69,4.67
4.36,4.31,4.3,4.15,4.13,4.17,4.23,4.32,4.4,4.69,4.66
4.34,4.3,4.28,4.12,4.07,4.08,4.12,4.21,4.3,4.59,4.55
4.35,4.31,4.28,4.12,4.05,4.04,4.06,4.16,4.25,4.55,4.51
4.38,4.32,4.28,4.13,4.07,4.05,4.09,4.19,4.29,4.59,4.56
4.38,4.32,4.25,4.08,3.99,3.99,4.03,4.14,4.24,4.55,4.51
4.38,4.35,4.31,4.06,3.96,3.93,3.97,4.06,4.16,4.49,4.45
4.39,4.34,4.28,4.04,3.96,3.94,4.01,4.11,4.22,4.56,4.53
4.38,4.35,4.3,4.06,3.99,4.01,4.08,4.18,4.28,4.61,4.57
4.38,4.34,4.27,4.02,3.96,3.98,4.06,4.18,4.29,4.63,4.58
4.38,4.34,4.29,4.05,3.99,4.01,4.09,4.21,4.32,4.66,4.62
4.37,4.33,4.25,3.98,3.89,3.91,3.98,4.1,4.22,4.58,4.54
4.37,4.34,4.26,4.03,3.94,3.92,4.03,4.16,4.28,4.63,4.59
4.36,4.35,4.27,4.07,4.01,3.98,4.09,4.2,4.32,4.67,4.63
4.37,4.34,4.27,4.03,3.94,3.93,4.02,4.15,4.27,4.63,4.59
4.37,4.33,4.29,4.09,4.02,4.0,4.09,4.2,4.31,4.65,4.62
4.37,4.34,4.29,4.11,4.06,4.03,4.11,4.21,4.31,4.64,4.6
4.37,4.34,4.29,4.13,4.04,4.01,4.07,4.18,4.29,4.61,4.58
4.37,4.33,4.29,4.1,3.99,3.95,4.03,4.14,4.25,4.58,4.56
4.36,4.33,4.27,4.06,3.95,3.93,4.01,4.12,4.24,4.57,4.55
4.36,4.33,4.26,4.04,3.94,3.92,4.0,4.12,4.25,4.6,4.59
4.35,4.33,4.27,4.11,4.04,4.01,4.09,4.22,4.34,4.68,4.66
4.36,4.33,4.26,4.09,3.96,3.98,4.07,4.19,4.31,4.67,4.65
4.36,4.33,4.26,4.1,3.98,4.01,4.08,4.22,4.35,4.71,4.69
4.37,4.33,4.27,4.1,3.97,4.0,4.09,4.23,4.38,4.75,4.73
4.38,4.33,4.26,4.04,3.89,3.91,3.98,4.11,4.27,4.65,4.64
4.38,4.32,4.23,4.03,3.89,3.89,3.96,4.09,4.23,4.62,4.59
4.38,4.32,4.23,4.01,3.87,3.85,3.91,4.03,4.17,4.56,4.52
4.38,4.32,4.24,4.04,3.91,3.89,3.95,4.07,4.2,4.58,4.54
4.36,4.31,4.2,3.92,3.71,3.68,3.75,3.88,4.06,4.51,4.49
4.36,4.28,4.14,3.86,3.68,3.66,3.72,3.84,4.01,4.44,4.41
4.36,4.29,4.14,3.86,3.73,3.72,3.82,3.97,4.15,4.61,4.58
4.36,4.31,4.14,3.83,3.71,3.71,3.88,4.05,4.26,4.76,4.71
4.36,4.35,4.23,4.03,3.91,3.91,4.06,4.2,4.34,4.78,4.72
4.36,4.34,4.17,3.97,3.84,3.85,4.04,4.21,4.4,4.9,4.86
4.37,4.34,4.21,4.04,3.96,3.98,4.15,4.32,4.48,4.91,4.85
4.34,4.33,4.21,3.99,3.84,3.87,4.02,4.2,4.38,4.84,4.8
4.35,4.33,4.21,3.99,3.84,3.85,3.98,4.15,4.35,4.82,4.79
4.35,4.33,4.2,3.96,3.77,3.77,3.91,4.08,4.29,4.77,4.74
4.36,4.34,4.22,3.99,3.81,3.82,3.95,4.13,4.34,4.82,4.8
,,,,,,,,,,
4.35,4.34,4.21,3.95,3.75,3.77,3.97,4.19,4.42,4.94,4.91
4.33,4.33,4.21,3.98,3.76,3.82,3.98,4.19,4.41,4.9,4.88
4.33,4.33,4.22,4.01,3.81,3.87,4.0,4.2,4.4,4.86,4.83
4.34,4.32,4.22,3.97,3.77,3.8,3.91,4.11,4.32,4.79,4.77
4.34,4.32,4.22,3.95,3.74,3.76,3.88,4.06,4.29,4.75,4.74
4.35,4.32,4.22,3.92,3.67,3.67,3.81,4.01,4.23,4.71,4.69
4.35,4.31,4.2,3.89,3.65,3.65,3.77,3.96,4.19,4.66,4.64
4.35,4.31,4.19,3.85,3.6,3.58,3.72,3.93,4.17,4.68,4.66
4.38,4.31,4.22,3.92,3.7,3.69,3.81,4.02,4.25,4.75,4.74
4.38,4.33,4.26,4.0,3.83,3.82,3.92,4.11,4.33,4.81,4.79
4.38,4.33,4.27,4.02,3.83,3.78,3.95,4.14,4.36,4.84,4.83
4.37,4.33,4.25,3.98,3.78,3.73,3.9,4.1,4.3,4.82,4.81
4.37,4.34,4.27,4.0,3.78,3.72,3.87,4.06,4.26,4.78,4.77
4.37,4.34,4.28,4.05,3.9,3.85,4.0,4.18,4.37,4.86,4.83
4.37,4.34,4.28,4.05,3.88,3.85,4.0,4.18,4.37,4.86,4.83
4.38,4.42,4.29,4.11,3.98,3.97,4.09,4.27,4.45,4.92,4.89
4.39,4.41,4.29,4.11,4.02,4.0,4.12,4.3,4.49,4.97,4.94
4.39,4.41,4.3,4.14,4.05,4.05,4.17,4.35,4.53,5.0,4.97
4.37,4.38,4.29,4.1,3.96,3.95,4.07,4.25,4.45,4.93,4.91
4.37,4.37,4.3,4.13,3.98,3.95,4.06,4.24,4.43,4.92,4.89
4.37,4.39,4.32,4.12,3.97,3.95,4.07,4.26,4.46,4.95,4.92
4.36,4.38,4.32,4.12,3.97,3.95,4.07,4.27,4.48,4.99,4.96
4.35,4.36,4.33,4.13,4.0,4.0,4.15,4.37,4.58,5.08,5.08
4.37,4.37,4.34,4.13,4.0,3.99,4.11,4.32,4.54,5.05,5.05
4.36,4.36,4.35,4.15,4.0,3.96,4.08,4.29,4.51,5.03,5.04
,,,,,,,,,,
4.35,4.35,4.35,4.14,3.92,3.93,4.04,4.22,4.43,4.95,4.94
4.35,4.35,4.36,4.16,3.96,3.95,4.05,4.27,4.47,4.99,4.97
4.34,4.36,4.36,4.13,3.92,3.91,4.0,4.2,4.43,4.94,4.92
4.33,4.36,4.36,4.11,3.89,3.87,3.96,4.18,4.41,4.93,4.92
4.33,4.44,4.31,4.12,3.94,3.91,4.01,4.22,4.46,5.0,4.99
4.33,4.43,4.31,4.12,3.96,3.93,4.04,4.23,4.46,5.0,4.98
4.32,4.44,4.29,4.06,3.87,3.84,3.93,4.14,4.37,4.9,4.89
4.26,4.44,4.29,4.08,3.92,3.9,3.99,4.18,4.4,4.9,4.88
4.28,4.43,4.31,4.14,4.04,4.02,4.13,4.31,4.51,4.99,4.97
4.29,4.44,4.32,4.13,4.01,3.99,4.09,4.28,4.49,4.98,4.95
4.29,4.45,4.32,4.12,4.01,3.95,4.08,4.27,4.47,4.96,4.93
4.3,4.45,4.31,4.08,3.94,3.89,4.02,4.21,4.41,4.93,4.91
4.18,4.46,4.29,4.06,3.9,3.85,3.97,4.15,4.36,4.86,4.84
4.23,4.45,4.3,4.09,3.96,3.9,4.02,4.2,4.41,4.93,4.9
4.24,4.43,4.32,4.1,3.97,3.93,4.04,4.23,4.46,4.97,4.96
4.23,4.42,4.31,4.1,3.94,3.9,3.99,4.17,4.39,4.89,4.88
4.2,4.42,4.33,4.1,3.94,3.89,3.98,4.17,4.38,4.89,4.88
,,,,,,,,,,
4.2,4.39,4.29,4.07,3.9,3.86,3.96,4.16,4.38,4.9,4.89
4.2,4.38,4.28,4.0,3.84,3.8,3.91,4.1,4.34,4.87,4.87
4.21,4.38,4.27,3.99,3.75,3.75,3.86,4.06,4.3,4.83,4.83
4.21,4.38,4.26,3.99,3.74,3.74,3.83,4.05,4.29,4.83,4.83
4.11,4.39,4.26,3.96,3.7,3.68,3.79,4.0,4.26,4.81,4.81
4.19,4.39,4.26,3.97,3.73,3.72,3.83,4.03,4.29,4.85,4.85
4.28,4.41,4.29,3.96,3.72,3.68,3.79,3.98,4.24,4.79,4.78
4.32,4.4,4.29,3.98,3.78,3.75,3.84,4.03,4.26,4.79,4.78
